image_path,label
data\pages\passport_normal\passport_normal_00000_p01.jpg,1
data\pages\filler_text\passport_normal_00000_p02.jpg,0
data\pages\passport_edge\passport_edge_00001_p01.jpg,1
data\pages\filler_text\passport_edge_00001_p02.jpg,0
data\pages\filler_text\passport_normal_00002_p01.jpg,0
data\pages\passport_normal\passport_normal_00002_p02.jpg,1
data\pages\filler_text\passport_edge_00003_p01.jpg,0
data\pages\passport_edge\passport_edge_00003_p02.jpg,1
data\pages\passport_normal\passport_normal_00004_p01.jpg,1
data\pages\filler_text\passport_normal_00004_p02.jpg,0
data\pages\passport_edge\passport_edge_00005_p01.jpg,1
data\pages\filler_text\passport_edge_00005_p02.jpg,0
data\pages\filler_text\passport_edge_00005_p03.jpg,0
data\pages\filler_text\passport_normal_00006_p01.jpg,0
data\pages\passport_normal\passport_normal_00006_p02.jpg,1
data\pages\filler_text\passport_normal_00006_p03.jpg,0
data\pages\filler_text\passport_edge_00007_p01.jpg,0
data\pages\filler_text\passport_edge_00007_p02.jpg,0
data\pages\passport_edge\passport_edge_00007_p03.jpg,1
data\pages\passport_normal\passport_normal_00008_p01.jpg,1
data\pages\filler_text\passport_normal_00008_p02.jpg,0
data\pages\passport_edge\passport_edge_00009_p01.jpg,1
data\pages\filler_text\passport_edge_00009_p02.jpg,0
data\pages\passport_normal\passport_normal_00010_p01.jpg,1
data\pages\filler_text\passport_normal_00010_p02.jpg,0
data\pages\filler_text\passport_normal_00010_p03.jpg,0
data\pages\passport_edge\passport_edge_00011_p01.jpg,1
data\pages\filler_text\passport_edge_00011_p02.jpg,0
data\pages\filler_text\passport_edge_00011_p03.jpg,0
data\pages\passport_normal\passport_normal_00012_p01.jpg,1
data\pages\filler_text\passport_normal_00012_p02.jpg,0
data\pages\filler_text\passport_normal_00012_p03.jpg,0
data\pages\filler_text\passport_edge_00013_p01.jpg,0
data\pages\passport_edge\passport_edge_00013_p02.jpg,1
data\pages\filler_text\passport_edge_00013_p03.jpg,0
data\pages\passport_normal\passport_normal_00014_p01.jpg,1
data\pages\filler_text\passport_normal_00014_p02.jpg,0
data\pages\filler_text\passport_normal_00014_p03.jpg,0
data\pages\filler_text\passport_edge_00015_p01.jpg,0
data\pages\filler_text\passport_edge_00015_p02.jpg,0
data\pages\passport_edge\passport_edge_00015_p03.jpg,1
data\pages\passport_normal\passport_normal_00016_p01.jpg,1
data\pages\filler_text\passport_normal_00016_p02.jpg,0
data\pages\filler_text\passport_edge_00017_p01.jpg,0
data\pages\passport_edge\passport_edge_00017_p02.jpg,1
data\pages\filler_text\passport_edge_00017_p03.jpg,0
data\pages\filler_text\passport_normal_00018_p01.jpg,0
data\pages\passport_normal\passport_normal_00018_p02.jpg,1
data\pages\passport_edge\passport_edge_00019_p01.jpg,1
data\pages\filler_text\passport_edge_00019_p02.jpg,0
data\pages\filler_text\passport_edge_00019_p03.jpg,0
data\pages\filler_text\passport_normal_00020_p01.jpg,0
data\pages\passport_normal\passport_normal_00020_p02.jpg,1
data\pages\passport_edge\passport_edge_00021_p01.jpg,1
data\pages\filler_text\passport_edge_00021_p02.jpg,0
data\pages\passport_normal\passport_normal_00022_p01.jpg,1
data\pages\filler_text\passport_normal_00022_p02.jpg,0
data\pages\filler_text\passport_normal_00022_p03.jpg,0
data\pages\passport_edge\passport_edge_00023_p01.jpg,1
data\pages\filler_text\passport_edge_00023_p02.jpg,0
data\pages\filler_text\passport_normal_00024_p01.jpg,0
data\pages\filler_text\passport_normal_00024_p02.jpg,0
data\pages\passport_normal\passport_normal_00024_p03.jpg,1
data\pages\filler_text\passport_edge_00025_p01.jpg,0
data\pages\passport_edge\passport_edge_00025_p02.jpg,1
data\pages\passport_normal\passport_normal_00026_p01.jpg,1
data\pages\filler_text\passport_normal_00026_p02.jpg,0
data\pages\filler_text\passport_edge_00027_p01.jpg,0
data\pages\passport_edge\passport_edge_00027_p02.jpg,1
data\pages\filler_text\passport_normal_00028_p01.jpg,0
data\pages\passport_normal\passport_normal_00028_p02.jpg,1
data\pages\filler_text\passport_normal_00028_p03.jpg,0
data\pages\filler_text\passport_edge_00029_p01.jpg,0
data\pages\filler_text\passport_edge_00029_p02.jpg,0
data\pages\passport_edge\passport_edge_00029_p04.jpg,1
data\pages\passport_normal\passport_normal_00030_p01.jpg,1
data\pages\filler_text\passport_normal_00030_p02.jpg,0
data\pages\filler_text\passport_edge_00031_p01.jpg,0
data\pages\filler_text\passport_edge_00031_p02.jpg,0
data\pages\passport_edge\passport_edge_00031_p03.jpg,1
data\pages\filler_text\passport_normal_00032_p01.jpg,0
data\pages\passport_normal\passport_normal_00032_p02.jpg,1
data\pages\filler_text\passport_normal_00032_p03.jpg,0
data\pages\filler_text\passport_edge_00033_p01.jpg,0
data\pages\passport_edge\passport_edge_00033_p02.jpg,1
data\pages\filler_text\passport_edge_00033_p03.jpg,0
data\pages\filler_text\passport_normal_00034_p01.jpg,0
data\pages\passport_normal\passport_normal_00034_p02.jpg,1
data\pages\filler_text\passport_edge_00035_p01.jpg,0
data\pages\passport_edge\passport_edge_00035_p02.jpg,1
data\pages\filler_text\passport_normal_00036_p01.jpg,0
data\pages\passport_normal\passport_normal_00036_p02.jpg,1
data\pages\filler_text\passport_normal_00036_p03.jpg,0
data\pages\passport_edge\passport_edge_00037_p01.jpg,1
data\pages\filler_text\passport_edge_00037_p02.jpg,0
data\pages\filler_text\passport_normal_00038_p01.jpg,0
data\pages\passport_normal\passport_normal_00038_p02.jpg,1
data\pages\filler_text\passport_edge_00039_p01.jpg,0
data\pages\filler_text\passport_edge_00039_p02.jpg,0
data\pages\passport_edge\passport_edge_00039_p03.jpg,1
data\pages\filler_text\passport_normal_00040_p01.jpg,0
data\pages\passport_normal\passport_normal_00040_p02.jpg,1
data\pages\filler_text\passport_edge_00041_p01.jpg,0
data\pages\filler_text\passport_edge_00041_p02.jpg,0
data\pages\passport_edge\passport_edge_00041_p03.jpg,1
data\pages\filler_text\passport_normal_00042_p01.jpg,0
data\pages\filler_text\passport_normal_00042_p02.jpg,0
data\pages\passport_normal\passport_normal_00042_p03.jpg,1
data\pages\filler_text\passport_edge_00043_p01.jpg,0
data\pages\passport_edge\passport_edge_00043_p02.jpg,1
data\pages\passport_normal\passport_normal_00044_p01.jpg,1
data\pages\filler_text\passport_normal_00044_p02.jpg,0
data\pages\filler_text\passport_edge_00045_p01.jpg,0
data\pages\filler_text\passport_edge_00045_p02.jpg,0
data\pages\passport_edge\passport_edge_00045_p03.jpg,1
data\pages\passport_normal\passport_normal_00046_p01.jpg,1
data\pages\filler_text\passport_normal_00046_p02.jpg,0
data\pages\filler_text\passport_edge_00047_p01.jpg,0
data\pages\passport_edge\passport_edge_00047_p02.jpg,1
data\pages\passport_normal\passport_normal_00048_p01.jpg,1
data\pages\filler_text\passport_normal_00048_p02.jpg,0
data\pages\filler_text\passport_edge_00049_p01.jpg,0
data\pages\passport_edge\passport_edge_00049_p02.jpg,1
data\pages\filler_text\passport_normal_00050_p01.jpg,0
data\pages\passport_normal\passport_normal_00050_p02.jpg,1
data\pages\filler_text\passport_edge_00051_p01.jpg,0
data\pages\passport_edge\passport_edge_00051_p02.jpg,1
data\pages\filler_text\passport_normal_00052_p01.jpg,0
data\pages\passport_normal\passport_normal_00052_p02.jpg,1
data\pages\filler_text\passport_edge_00053_p01.jpg,0
data\pages\filler_text\passport_edge_00053_p02.jpg,0
data\pages\passport_edge\passport_edge_00053_p03.jpg,1
data\pages\passport_normal\passport_normal_00054_p01.jpg,1
data\pages\filler_text\passport_normal_00054_p02.jpg,0
data\pages\filler_text\passport_normal_00054_p03.jpg,0
data\pages\filler_text\passport_edge_00055_p01.jpg,0
data\pages\passport_edge\passport_edge_00055_p02.jpg,1
data\pages\filler_text\passport_edge_00055_p03.jpg,0
data\pages\passport_normal\passport_normal_00056_p01.jpg,1
data\pages\filler_text\passport_normal_00056_p02.jpg,0
data\pages\passport_edge\passport_edge_00057_p01.jpg,1
data\pages\filler_text\passport_edge_00057_p02.jpg,0
data\pages\filler_text\passport_edge_00057_p03.jpg,0
data\pages\filler_text\passport_normal_00058_p01.jpg,0
data\pages\passport_normal\passport_normal_00058_p02.jpg,1
data\pages\filler_text\passport_edge_00059_p01.jpg,0
data\pages\passport_edge\passport_edge_00059_p02.jpg,1
data\pages\passport_normal\passport_normal_00060_p01.jpg,1
data\pages\filler_text\passport_normal_00060_p02.jpg,0
data\pages\filler_text\passport_normal_00060_p03.jpg,0
data\pages\filler_text\passport_edge_00061_p01.jpg,0
data\pages\filler_text\passport_edge_00061_p02.jpg,0
data\pages\passport_edge\passport_edge_00061_p04.jpg,1
data\pages\filler_text\passport_normal_00062_p01.jpg,0
data\pages\filler_text\passport_normal_00062_p02.jpg,0
data\pages\passport_normal\passport_normal_00062_p03.jpg,1
data\pages\passport_edge\passport_edge_00063_p01.jpg,1
data\pages\filler_text\passport_edge_00063_p02.jpg,0
data\pages\filler_text\passport_edge_00063_p03.jpg,0
data\pages\filler_text\passport_normal_00064_p01.jpg,0
data\pages\filler_text\passport_normal_00064_p02.jpg,0
data\pages\passport_normal\passport_normal_00064_p03.jpg,1
data\pages\filler_text\passport_edge_00065_p01.jpg,0
data\pages\filler_text\passport_edge_00065_p02.jpg,0
data\pages\passport_edge\passport_edge_00065_p03.jpg,1
data\pages\passport_normal\passport_normal_00066_p01.jpg,1
data\pages\filler_text\passport_normal_00066_p02.jpg,0
data\pages\filler_text\passport_normal_00066_p03.jpg,0
data\pages\passport_edge\passport_edge_00067_p01.jpg,1
data\pages\filler_text\passport_edge_00067_p02.jpg,0
data\pages\filler_text\passport_edge_00067_p03.jpg,0
data\pages\passport_normal\passport_normal_00068_p01.jpg,1
data\pages\filler_text\passport_normal_00068_p02.jpg,0
data\pages\filler_text\passport_edge_00069_p01.jpg,0
data\pages\passport_edge\passport_edge_00069_p02.jpg,1
data\pages\filler_text\passport_edge_00069_p03.jpg,0
data\pages\filler_text\passport_normal_00070_p01.jpg,0
data\pages\passport_normal\passport_normal_00070_p02.jpg,1
data\pages\filler_text\passport_edge_00071_p01.jpg,0
data\pages\passport_edge\passport_edge_00071_p02.jpg,1
data\pages\filler_text\passport_edge_00071_p03.jpg,0
data\pages\passport_normal\passport_normal_00072_p01.jpg,1
data\pages\filler_text\passport_normal_00072_p02.jpg,0
data\pages\passport_edge\passport_edge_00073_p01.jpg,1
data\pages\filler_text\passport_edge_00073_p02.jpg,0
data\pages\filler_text\passport_edge_00073_p03.jpg,0
data\pages\passport_normal\passport_normal_00074_p01.jpg,1
data\pages\filler_text\passport_normal_00074_p02.jpg,0
data\pages\filler_text\passport_normal_00074_p03.jpg,0
data\pages\filler_text\passport_edge_00075_p01.jpg,0
data\pages\passport_edge\passport_edge_00075_p02.jpg,1
data\pages\filler_text\passport_edge_00075_p03.jpg,0
data\pages\passport_normal\passport_normal_00076_p01.jpg,1
data\pages\filler_text\passport_normal_00076_p02.jpg,0
data\pages\passport_edge\passport_edge_00077_p01.jpg,1
data\pages\filler_text\passport_edge_00077_p02.jpg,0
data\pages\filler_text\passport_normal_00078_p01.jpg,0
data\pages\filler_text\passport_normal_00078_p02.jpg,0
data\pages\passport_normal\passport_normal_00078_p03.jpg,1
data\pages\filler_text\passport_edge_00079_p01.jpg,0
data\pages\passport_edge\passport_edge_00079_p02.jpg,1
data\pages\filler_text\passport_edge_00079_p03.jpg,0
data\pages\passport_normal\passport_normal_00080_p01.jpg,1
data\pages\filler_text\passport_normal_00080_p02.jpg,0
data\pages\filler_text\passport_edge_00081_p01.jpg,0
data\pages\passport_edge\passport_edge_00081_p02.jpg,1
data\pages\passport_normal\passport_normal_00082_p01.jpg,1
data\pages\filler_text\passport_normal_00082_p02.jpg,0
data\pages\passport_edge\passport_edge_00083_p01.jpg,1
data\pages\filler_text\passport_edge_00083_p02.jpg,0
data\pages\filler_text\passport_normal_00084_p01.jpg,0
data\pages\passport_normal\passport_normal_00084_p02.jpg,1
data\pages\passport_edge\passport_edge_00085_p01.jpg,1
data\pages\filler_text\passport_edge_00085_p02.jpg,0
data\pages\filler_text\passport_normal_00086_p01.jpg,0
data\pages\passport_normal\passport_normal_00086_p02.jpg,1
data\pages\filler_text\passport_normal_00086_p03.jpg,0
data\pages\filler_text\passport_edge_00087_p01.jpg,0
data\pages\filler_text\passport_edge_00087_p02.jpg,0
data\pages\passport_edge\passport_edge_00087_p03.jpg,1
data\pages\passport_normal\passport_normal_00088_p01.jpg,1
data\pages\filler_text\passport_normal_00088_p02.jpg,0
data\pages\filler_text\passport_edge_00089_p01.jpg,0
data\pages\filler_text\passport_edge_00089_p02.jpg,0
data\pages\passport_edge\passport_edge_00089_p03.jpg,1
data\pages\filler_text\passport_normal_00090_p01.jpg,0
data\pages\passport_normal\passport_normal_00090_p02.jpg,1
data\pages\filler_text\passport_edge_00091_p01.jpg,0
data\pages\filler_text\passport_edge_00091_p02.jpg,0
data\pages\passport_edge\passport_edge_00091_p03.jpg,1
data\pages\filler_text\passport_normal_00092_p01.jpg,0
data\pages\filler_text\passport_normal_00092_p02.jpg,0
data\pages\passport_normal\passport_normal_00092_p04.jpg,1
data\pages\passport_edge\passport_edge_00093_p01.jpg,1
data\pages\filler_text\passport_edge_00093_p02.jpg,0
data\pages\filler_text\passport_edge_00093_p03.jpg,0
data\pages\filler_text\passport_normal_00094_p01.jpg,0
data\pages\passport_normal\passport_normal_00094_p02.jpg,1
data\pages\filler_text\passport_edge_00095_p01.jpg,0
data\pages\filler_text\passport_edge_00095_p02.jpg,0
data\pages\passport_edge\passport_edge_00095_p03.jpg,1
data\pages\filler_text\passport_normal_00096_p01.jpg,0
data\pages\passport_normal\passport_normal_00096_p02.jpg,1
data\pages\passport_edge\passport_edge_00097_p01.jpg,1
data\pages\filler_text\passport_edge_00097_p02.jpg,0
data\pages\filler_text\passport_normal_00098_p01.jpg,0
data\pages\passport_normal\passport_normal_00098_p02.jpg,1
data\pages\filler_text\passport_edge_00099_p01.jpg,0
data\pages\passport_edge\passport_edge_00099_p02.jpg,1
data\pages\filler_text\passport_edge_00099_p03.jpg,0
data\pages\passport_normal\passport_normal_00100_p01.jpg,1
data\pages\filler_text\passport_normal_00100_p02.jpg,0
data\pages\filler_text\passport_edge_00101_p01.jpg,0
data\pages\filler_text\passport_edge_00101_p02.jpg,0
data\pages\passport_edge\passport_edge_00101_p03.jpg,1
data\pages\passport_normal\passport_normal_00102_p01.jpg,1
data\pages\filler_text\passport_normal_00102_p02.jpg,0
data\pages\filler_text\passport_edge_00103_p01.jpg,0
data\pages\filler_text\passport_edge_00103_p02.jpg,0
data\pages\passport_edge\passport_edge_00103_p04.jpg,1
data\pages\filler_text\passport_normal_00104_p01.jpg,0
data\pages\passport_normal\passport_normal_00104_p02.jpg,1
data\pages\filler_text\passport_edge_00105_p01.jpg,0
data\pages\filler_text\passport_edge_00105_p02.jpg,0
data\pages\passport_edge\passport_edge_00105_p04.jpg,1
data\pages\passport_normal\passport_normal_00106_p01.jpg,1
data\pages\filler_text\passport_normal_00106_p02.jpg,0
data\pages\filler_text\passport_normal_00106_p03.jpg,0
data\pages\filler_text\passport_edge_00107_p01.jpg,0
data\pages\filler_text\passport_edge_00107_p02.jpg,0
data\pages\passport_edge\passport_edge_00107_p03.jpg,1
data\pages\filler_text\passport_normal_00108_p01.jpg,0
data\pages\filler_text\passport_normal_00108_p02.jpg,0
data\pages\passport_normal\passport_normal_00108_p03.jpg,1
data\pages\filler_text\passport_edge_00109_p01.jpg,0
data\pages\filler_text\passport_edge_00109_p02.jpg,0
data\pages\passport_edge\passport_edge_00109_p03.jpg,1
data\pages\passport_normal\passport_normal_00110_p01.jpg,1
data\pages\filler_text\passport_normal_00110_p02.jpg,0
data\pages\filler_text\passport_edge_00111_p01.jpg,0
data\pages\passport_edge\passport_edge_00111_p02.jpg,1
data\pages\filler_text\passport_normal_00112_p01.jpg,0
data\pages\passport_normal\passport_normal_00112_p02.jpg,1
data\pages\filler_text\passport_normal_00112_p03.jpg,0
data\pages\filler_text\passport_edge_00113_p01.jpg,0
data\pages\passport_edge\passport_edge_00113_p02.jpg,1
data\pages\passport_normal\passport_normal_00114_p01.jpg,1
data\pages\filler_text\passport_normal_00114_p02.jpg,0
data\pages\passport_edge\passport_edge_00115_p01.jpg,1
data\pages\filler_text\passport_edge_00115_p02.jpg,0
data\pages\filler_text\passport_edge_00115_p03.jpg,0
data\pages\filler_text\passport_normal_00116_p01.jpg,0
data\pages\passport_normal\passport_normal_00116_p02.jpg,1
data\pages\filler_text\passport_normal_00116_p03.jpg,0
data\pages\filler_text\passport_edge_00117_p01.jpg,0
data\pages\passport_edge\passport_edge_00117_p02.jpg,1
data\pages\filler_text\passport_normal_00118_p01.jpg,0
data\pages\passport_normal\passport_normal_00118_p02.jpg,1
data\pages\filler_text\passport_edge_00119_p01.jpg,0
data\pages\passport_edge\passport_edge_00119_p02.jpg,1
data\pages\filler_text\passport_normal_00120_p01.jpg,0
data\pages\passport_normal\passport_normal_00120_p02.jpg,1
data\pages\filler_text\passport_normal_00120_p03.jpg,0
data\pages\filler_text\passport_edge_00121_p01.jpg,0
data\pages\passport_edge\passport_edge_00121_p02.jpg,1
data\pages\passport_normal\passport_normal_00122_p01.jpg,1
data\pages\filler_text\passport_normal_00122_p02.jpg,0
data\pages\passport_edge\passport_edge_00123_p01.jpg,1
data\pages\filler_text\passport_edge_00123_p02.jpg,0
data\pages\filler_text\passport_edge_00123_p03.jpg,0
data\pages\filler_text\passport_normal_00124_p01.jpg,0
data\pages\passport_normal\passport_normal_00124_p02.jpg,1
data\pages\filler_text\passport_edge_00125_p01.jpg,0
data\pages\passport_edge\passport_edge_00125_p02.jpg,1
data\pages\filler_text\passport_edge_00125_p03.jpg,0
data\pages\filler_text\passport_normal_00126_p01.jpg,0
data\pages\filler_text\passport_normal_00126_p02.jpg,0
data\pages\passport_normal\passport_normal_00126_p03.jpg,1
data\pages\filler_text\passport_edge_00127_p01.jpg,0
data\pages\filler_text\passport_edge_00127_p02.jpg,0
data\pages\passport_edge\passport_edge_00127_p04.jpg,1
data\pages\filler_text\passport_normal_00128_p01.jpg,0
data\pages\passport_normal\passport_normal_00128_p02.jpg,1
data\pages\filler_text\passport_normal_00128_p03.jpg,0
data\pages\filler_text\passport_edge_00129_p01.jpg,0
data\pages\passport_edge\passport_edge_00129_p02.jpg,1
data\pages\filler_text\passport_edge_00129_p03.jpg,0
data\pages\filler_text\passport_normal_00130_p01.jpg,0
data\pages\passport_normal\passport_normal_00130_p02.jpg,1
data\pages\filler_text\passport_normal_00130_p03.jpg,0
data\pages\filler_text\passport_edge_00131_p01.jpg,0
data\pages\passport_edge\passport_edge_00131_p02.jpg,1
data\pages\filler_text\passport_normal_00132_p01.jpg,0
data\pages\passport_normal\passport_normal_00132_p02.jpg,1
data\pages\filler_text\passport_edge_00133_p01.jpg,0
data\pages\passport_edge\passport_edge_00133_p02.jpg,1
data\pages\filler_text\passport_edge_00133_p03.jpg,0
data\pages\passport_normal\passport_normal_00134_p01.jpg,1
data\pages\filler_text\passport_normal_00134_p02.jpg,0
data\pages\filler_text\passport_normal_00134_p03.jpg,0
data\pages\filler_text\passport_edge_00135_p01.jpg,0
data\pages\passport_edge\passport_edge_00135_p02.jpg,1
data\pages\filler_text\passport_edge_00135_p03.jpg,0
data\pages\passport_normal\passport_normal_00136_p01.jpg,1
data\pages\filler_text\passport_normal_00136_p02.jpg,0
data\pages\filler_text\passport_edge_00137_p01.jpg,0
data\pages\passport_edge\passport_edge_00137_p02.jpg,1
data\pages\filler_text\passport_edge_00137_p03.jpg,0
data\pages\passport_normal\passport_normal_00138_p01.jpg,1
data\pages\filler_text\passport_normal_00138_p02.jpg,0
data\pages\passport_edge\passport_edge_00139_p01.jpg,1
data\pages\filler_text\passport_edge_00139_p02.jpg,0
data\pages\filler_text\passport_normal_00140_p01.jpg,0
data\pages\filler_text\passport_normal_00140_p02.jpg,0
data\pages\passport_normal\passport_normal_00140_p03.jpg,1
data\pages\filler_text\passport_edge_00141_p01.jpg,0
data\pages\passport_edge\passport_edge_00141_p02.jpg,1
data\pages\filler_text\passport_edge_00141_p03.jpg,0
data\pages\filler_text\passport_normal_00142_p01.jpg,0
data\pages\passport_normal\passport_normal_00142_p02.jpg,1
data\pages\filler_text\passport_edge_00143_p01.jpg,0
data\pages\passport_edge\passport_edge_00143_p02.jpg,1
data\pages\filler_text\passport_edge_00143_p03.jpg,0
data\pages\filler_text\passport_normal_00144_p01.jpg,0
data\pages\passport_normal\passport_normal_00144_p02.jpg,1
data\pages\passport_edge\passport_edge_00145_p01.jpg,1
data\pages\filler_text\passport_edge_00145_p02.jpg,0
data\pages\filler_text\passport_edge_00145_p03.jpg,0
data\pages\filler_text\passport_normal_00146_p01.jpg,0
data\pages\passport_normal\passport_normal_00146_p02.jpg,1
data\pages\filler_text\passport_edge_00147_p01.jpg,0
data\pages\passport_edge\passport_edge_00147_p02.jpg,1
data\pages\filler_text\passport_edge_00147_p03.jpg,0
data\pages\filler_text\passport_normal_00148_p01.jpg,0
data\pages\passport_normal\passport_normal_00148_p02.jpg,1
data\pages\filler_text\passport_normal_00148_p03.jpg,0
data\pages\filler_text\passport_edge_00149_p01.jpg,0
data\pages\filler_text\passport_edge_00149_p02.jpg,0
data\pages\passport_edge\passport_edge_00149_p04.jpg,1
data\pages\passport_normal\passport_normal_00150_p01.jpg,1
data\pages\filler_text\passport_normal_00150_p02.jpg,0
data\pages\filler_text\passport_normal_00150_p03.jpg,0
data\pages\filler_text\passport_edge_00151_p01.jpg,0
data\pages\passport_edge\passport_edge_00151_p02.jpg,1
data\pages\passport_normal\passport_normal_00152_p01.jpg,1
data\pages\filler_text\passport_normal_00152_p02.jpg,0
data\pages\filler_text\passport_edge_00153_p01.jpg,0
data\pages\filler_text\passport_edge_00153_p02.jpg,0
data\pages\passport_edge\passport_edge_00153_p03.jpg,1
data\pages\passport_normal\passport_normal_00154_p01.jpg,1
data\pages\filler_text\passport_normal_00154_p02.jpg,0
data\pages\filler_text\passport_normal_00154_p03.jpg,0
data\pages\filler_text\passport_edge_00155_p01.jpg,0
data\pages\passport_edge\passport_edge_00155_p02.jpg,1
data\pages\filler_text\passport_edge_00155_p03.jpg,0
data\pages\filler_text\passport_normal_00156_p01.jpg,0
data\pages\passport_normal\passport_normal_00156_p02.jpg,1
data\pages\filler_text\passport_normal_00156_p03.jpg,0
data\pages\passport_edge\passport_edge_00157_p01.jpg,1
data\pages\filler_text\passport_edge_00157_p02.jpg,0
data\pages\filler_text\passport_normal_00158_p01.jpg,0
data\pages\passport_normal\passport_normal_00158_p02.jpg,1
data\pages\filler_text\passport_normal_00158_p03.jpg,0
data\pages\passport_edge\passport_edge_00159_p01.jpg,1
data\pages\filler_text\passport_edge_00159_p02.jpg,0
data\pages\filler_text\passport_edge_00159_p03.jpg,0
data\pages\passport_normal\passport_normal_00160_p01.jpg,1
data\pages\filler_text\passport_normal_00160_p02.jpg,0
data\pages\passport_edge\passport_edge_00161_p01.jpg,1
data\pages\filler_text\passport_edge_00161_p02.jpg,0
data\pages\passport_normal\passport_normal_00162_p01.jpg,1
data\pages\filler_text\passport_normal_00162_p02.jpg,0
data\pages\passport_edge\passport_edge_00163_p01.jpg,1
data\pages\filler_text\passport_edge_00163_p02.jpg,0
data\pages\filler_text\passport_edge_00163_p03.jpg,0
data\pages\passport_normal\passport_normal_00164_p01.jpg,1
data\pages\filler_text\passport_normal_00164_p02.jpg,0
data\pages\passport_edge\passport_edge_00165_p01.jpg,1
data\pages\filler_text\passport_edge_00165_p02.jpg,0
data\pages\passport_normal\passport_normal_00166_p01.jpg,1
data\pages\filler_text\passport_normal_00166_p02.jpg,0
data\pages\filler_text\passport_normal_00166_p03.jpg,0
data\pages\filler_text\passport_edge_00167_p01.jpg,0
data\pages\passport_edge\passport_edge_00167_p02.jpg,1
data\pages\filler_text\passport_normal_00168_p01.jpg,0
data\pages\passport_normal\passport_normal_00168_p02.jpg,1
data\pages\passport_edge\passport_edge_00169_p01.jpg,1
data\pages\filler_text\passport_edge_00169_p02.jpg,0
data\pages\filler_text\passport_edge_00169_p03.jpg,0
data\pages\passport_normal\passport_normal_00170_p01.jpg,1
data\pages\filler_text\passport_normal_00170_p02.jpg,0
data\pages\filler_text\passport_edge_00171_p01.jpg,0
data\pages\filler_text\passport_edge_00171_p02.jpg,0
data\pages\passport_edge\passport_edge_00171_p03.jpg,1
data\pages\filler_text\passport_normal_00172_p01.jpg,0
data\pages\passport_normal\passport_normal_00172_p02.jpg,1
data\pages\passport_edge\passport_edge_00173_p01.jpg,1
data\pages\filler_text\passport_edge_00173_p02.jpg,0
data\pages\passport_normal\passport_normal_00174_p01.jpg,1
data\pages\filler_text\passport_normal_00174_p02.jpg,0
data\pages\filler_text\passport_normal_00174_p03.jpg,0
data\pages\passport_edge\passport_edge_00175_p01.jpg,1
data\pages\filler_text\passport_edge_00175_p02.jpg,0
data\pages\filler_text\passport_edge_00175_p03.jpg,0
data\pages\filler_text\passport_normal_00176_p01.jpg,0
data\pages\passport_normal\passport_normal_00176_p02.jpg,1
data\pages\passport_edge\passport_edge_00177_p01.jpg,1
data\pages\filler_text\passport_edge_00177_p02.jpg,0
data\pages\filler_text\passport_normal_00178_p01.jpg,0
data\pages\filler_text\passport_normal_00178_p02.jpg,0
data\pages\passport_normal\passport_normal_00178_p03.jpg,1
data\pages\filler_text\passport_edge_00179_p01.jpg,0
data\pages\filler_text\passport_edge_00179_p02.jpg,0
data\pages\passport_edge\passport_edge_00179_p04.jpg,1
data\pages\passport_normal\passport_normal_00180_p01.jpg,1
data\pages\filler_text\passport_normal_00180_p02.jpg,0
data\pages\filler_text\passport_normal_00180_p03.jpg,0
data\pages\filler_text\passport_edge_00181_p01.jpg,0
data\pages\filler_text\passport_edge_00181_p02.jpg,0
data\pages\passport_edge\passport_edge_00181_p03.jpg,1
data\pages\passport_normal\passport_normal_00182_p01.jpg,1
data\pages\filler_text\passport_normal_00182_p02.jpg,0
data\pages\filler_text\passport_normal_00182_p03.jpg,0
data\pages\filler_text\passport_edge_00183_p01.jpg,0
data\pages\filler_text\passport_edge_00183_p02.jpg,0
data\pages\passport_edge\passport_edge_00183_p03.jpg,1
data\pages\passport_normal\passport_normal_00184_p01.jpg,1
data\pages\filler_text\passport_normal_00184_p02.jpg,0
data\pages\filler_text\passport_normal_00184_p03.jpg,0
data\pages\filler_text\passport_edge_00185_p01.jpg,0
data\pages\passport_edge\passport_edge_00185_p02.jpg,1
data\pages\filler_text\passport_normal_00186_p01.jpg,0
data\pages\filler_text\passport_normal_00186_p02.jpg,0
data\pages\passport_normal\passport_normal_00186_p03.jpg,1
data\pages\passport_edge\passport_edge_00187_p01.jpg,1
data\pages\filler_text\passport_edge_00187_p02.jpg,0
data\pages\filler_text\passport_edge_00187_p03.jpg,0
data\pages\passport_normal\passport_normal_00188_p01.jpg,1
data\pages\filler_text\passport_normal_00188_p02.jpg,0
data\pages\filler_text\passport_edge_00189_p01.jpg,0
data\pages\passport_edge\passport_edge_00189_p02.jpg,1
data\pages\filler_text\passport_edge_00189_p03.jpg,0
data\pages\filler_text\passport_normal_00190_p01.jpg,0
data\pages\passport_normal\passport_normal_00190_p02.jpg,1
data\pages\filler_text\passport_normal_00190_p03.jpg,0
data\pages\filler_text\passport_edge_00191_p01.jpg,0
data\pages\passport_edge\passport_edge_00191_p02.jpg,1
data\pages\filler_text\passport_edge_00191_p03.jpg,0
data\pages\passport_normal\passport_normal_00192_p01.jpg,1
data\pages\filler_text\passport_normal_00192_p02.jpg,0
data\pages\filler_text\passport_normal_00192_p03.jpg,0
data\pages\filler_text\passport_edge_00193_p01.jpg,0
data\pages\passport_edge\passport_edge_00193_p02.jpg,1
data\pages\filler_text\passport_normal_00194_p01.jpg,0
data\pages\passport_normal\passport_normal_00194_p02.jpg,1
data\pages\filler_text\passport_edge_00195_p01.jpg,0
data\pages\passport_edge\passport_edge_00195_p02.jpg,1
data\pages\passport_normal\passport_normal_00196_p01.jpg,1
data\pages\filler_text\passport_normal_00196_p02.jpg,0
data\pages\filler_text\passport_normal_00196_p03.jpg,0
data\pages\passport_edge\passport_edge_00197_p01.jpg,1
data\pages\filler_text\passport_edge_00197_p02.jpg,0
data\pages\filler_text\passport_normal_00198_p01.jpg,0
data\pages\filler_text\passport_normal_00198_p02.jpg,0
data\pages\passport_normal\passport_normal_00198_p03.jpg,1
data\pages\filler_text\passport_edge_00199_p01.jpg,0
data\pages\filler_text\passport_edge_00199_p02.jpg,0
data\pages\passport_edge\passport_edge_00199_p03.jpg,1
data\pages\filler_text\passport_normal_00200_p01.jpg,0
data\pages\passport_normal\passport_normal_00200_p02.jpg,1
data\pages\passport_edge\passport_edge_00201_p01.jpg,1
data\pages\filler_text\passport_edge_00201_p02.jpg,0
data\pages\filler_text\passport_normal_00202_p01.jpg,0
data\pages\filler_text\passport_normal_00202_p02.jpg,0
data\pages\passport_normal\passport_normal_00202_p04.jpg,1
data\pages\filler_text\passport_edge_00203_p01.jpg,0
data\pages\passport_edge\passport_edge_00203_p02.jpg,1
data\pages\filler_text\passport_edge_00203_p03.jpg,0
data\pages\filler_text\passport_normal_00204_p01.jpg,0
data\pages\filler_text\passport_normal_00204_p02.jpg,0
data\pages\passport_normal\passport_normal_00204_p03.jpg,1
data\pages\filler_text\passport_edge_00205_p01.jpg,0
data\pages\passport_edge\passport_edge_00205_p02.jpg,1
data\pages\filler_text\passport_edge_00205_p03.jpg,0
data\pages\filler_text\passport_normal_00206_p01.jpg,0
data\pages\passport_normal\passport_normal_00206_p02.jpg,1
data\pages\filler_text\passport_edge_00207_p01.jpg,0
data\pages\passport_edge\passport_edge_00207_p02.jpg,1
data\pages\filler_text\passport_edge_00207_p03.jpg,0
data\pages\filler_text\passport_normal_00208_p01.jpg,0
data\pages\passport_normal\passport_normal_00208_p02.jpg,1
data\pages\filler_text\passport_normal_00208_p03.jpg,0
data\pages\filler_text\passport_edge_00209_p01.jpg,0
data\pages\filler_text\passport_edge_00209_p02.jpg,0
data\pages\passport_edge\passport_edge_00209_p03.jpg,1
data\pages\filler_text\passport_normal_00210_p01.jpg,0
data\pages\passport_normal\passport_normal_00210_p02.jpg,1
data\pages\filler_text\passport_normal_00210_p03.jpg,0
data\pages\filler_text\passport_edge_00211_p01.jpg,0
data\pages\filler_text\passport_edge_00211_p02.jpg,0
data\pages\passport_edge\passport_edge_00211_p03.jpg,1
data\pages\passport_normal\passport_normal_00212_p01.jpg,1
data\pages\filler_text\passport_normal_00212_p02.jpg,0
data\pages\filler_text\passport_edge_00213_p01.jpg,0
data\pages\passport_edge\passport_edge_00213_p02.jpg,1
data\pages\filler_text\passport_edge_00213_p03.jpg,0
data\pages\passport_normal\passport_normal_00214_p01.jpg,1
data\pages\filler_text\passport_normal_00214_p02.jpg,0
data\pages\filler_text\passport_normal_00214_p03.jpg,0
data\pages\filler_text\passport_edge_00215_p01.jpg,0
data\pages\passport_edge\passport_edge_00215_p02.jpg,1
data\pages\filler_text\passport_edge_00215_p03.jpg,0
data\pages\passport_normal\passport_normal_00216_p01.jpg,1
data\pages\filler_text\passport_normal_00216_p02.jpg,0
data\pages\filler_text\passport_normal_00216_p03.jpg,0
data\pages\filler_text\passport_edge_00217_p01.jpg,0
data\pages\passport_edge\passport_edge_00217_p02.jpg,1
data\pages\filler_text\passport_edge_00217_p03.jpg,0
data\pages\filler_text\passport_normal_00218_p01.jpg,0
data\pages\passport_normal\passport_normal_00218_p02.jpg,1
data\pages\filler_text\passport_normal_00218_p03.jpg,0
data\pages\passport_edge\passport_edge_00219_p01.jpg,1
data\pages\filler_text\passport_edge_00219_p02.jpg,0
data\pages\filler_text\passport_edge_00219_p03.jpg,0
data\pages\filler_text\passport_normal_00220_p01.jpg,0
data\pages\passport_normal\passport_normal_00220_p02.jpg,1
data\pages\filler_text\passport_edge_00221_p01.jpg,0
data\pages\passport_edge\passport_edge_00221_p02.jpg,1
data\pages\filler_text\passport_edge_00221_p03.jpg,0
data\pages\passport_normal\passport_normal_00222_p01.jpg,1
data\pages\filler_text\passport_normal_00222_p02.jpg,0
data\pages\filler_text\passport_normal_00222_p03.jpg,0
data\pages\passport_edge\passport_edge_00223_p01.jpg,1
data\pages\filler_text\passport_edge_00223_p02.jpg,0
data\pages\filler_text\passport_normal_00224_p01.jpg,0
data\pages\filler_text\passport_normal_00224_p02.jpg,0
data\pages\passport_normal\passport_normal_00224_p03.jpg,1
data\pages\passport_edge\passport_edge_00225_p01.jpg,1
data\pages\filler_text\passport_edge_00225_p02.jpg,0
data\pages\filler_text\passport_normal_00226_p01.jpg,0
data\pages\filler_text\passport_normal_00226_p02.jpg,0
data\pages\passport_normal\passport_normal_00226_p03.jpg,1
data\pages\filler_text\passport_edge_00227_p01.jpg,0
data\pages\passport_edge\passport_edge_00227_p02.jpg,1
data\pages\filler_text\passport_edge_00227_p03.jpg,0
data\pages\filler_text\passport_normal_00228_p01.jpg,0
data\pages\filler_text\passport_normal_00228_p02.jpg,0
data\pages\passport_normal\passport_normal_00228_p03.jpg,1
data\pages\passport_edge\passport_edge_00229_p01.jpg,1
data\pages\filler_text\passport_edge_00229_p02.jpg,0
data\pages\filler_text\passport_edge_00229_p03.jpg,0
data\pages\filler_text\passport_normal_00230_p01.jpg,0
data\pages\passport_normal\passport_normal_00230_p02.jpg,1
data\pages\filler_text\passport_edge_00231_p01.jpg,0
data\pages\passport_edge\passport_edge_00231_p02.jpg,1
data\pages\filler_text\passport_normal_00232_p01.jpg,0
data\pages\filler_text\passport_normal_00232_p02.jpg,0
data\pages\passport_normal\passport_normal_00232_p03.jpg,1
data\pages\filler_text\passport_edge_00233_p01.jpg,0
data\pages\filler_text\passport_edge_00233_p02.jpg,0
data\pages\passport_edge\passport_edge_00233_p04.jpg,1
data\pages\filler_text\passport_normal_00234_p01.jpg,0
data\pages\passport_normal\passport_normal_00234_p02.jpg,1
data\pages\filler_text\passport_normal_00234_p03.jpg,0
data\pages\filler_text\passport_edge_00235_p01.jpg,0
data\pages\passport_edge\passport_edge_00235_p02.jpg,1
data\pages\filler_text\passport_edge_00235_p03.jpg,0
data\pages\passport_normal\passport_normal_00236_p01.jpg,1
data\pages\filler_text\passport_normal_00236_p02.jpg,0
data\pages\filler_text\passport_edge_00237_p01.jpg,0
data\pages\filler_text\passport_edge_00237_p02.jpg,0
data\pages\passport_edge\passport_edge_00237_p03.jpg,1
data\pages\filler_text\passport_normal_00238_p01.jpg,0
data\pages\passport_normal\passport_normal_00238_p02.jpg,1
data\pages\filler_text\passport_normal_00238_p03.jpg,0
data\pages\filler_text\passport_edge_00239_p01.jpg,0
data\pages\filler_text\passport_edge_00239_p02.jpg,0
data\pages\passport_edge\passport_edge_00239_p03.jpg,1
data\pages\passport_normal\passport_normal_00240_p01.jpg,1
data\pages\filler_text\passport_normal_00240_p02.jpg,0
data\pages\filler_text\passport_normal_00240_p03.jpg,0
data\pages\filler_text\passport_edge_00241_p01.jpg,0
data\pages\filler_text\passport_edge_00241_p02.jpg,0
data\pages\passport_edge\passport_edge_00241_p04.jpg,1
data\pages\filler_text\passport_normal_00242_p01.jpg,0
data\pages\filler_text\passport_normal_00242_p02.jpg,0
data\pages\passport_normal\passport_normal_00242_p03.jpg,1
data\pages\passport_edge\passport_edge_00243_p01.jpg,1
data\pages\filler_text\passport_edge_00243_p02.jpg,0
data\pages\filler_text\passport_edge_00243_p03.jpg,0
data\pages\negative_normal\negative_normal_00244_p01.jpg,0
data\pages\negative_normal\negative_normal_00244_p02.jpg,0
data\pages\negative_normal\negative_normal_00244_p03.jpg,0
data\pages\negative_edge\negative_edge_00245_p01.jpg,0
data\pages\negative_edge\negative_edge_00245_p02.jpg,0
data\pages\negative_edge\negative_edge_00245_p04.jpg,0
data\pages\negative_normal\negative_normal_00246_p01.jpg,0
data\pages\negative_normal\negative_normal_00246_p02.jpg,0
data\pages\negative_normal\negative_normal_00246_p03.jpg,0
data\pages\negative_edge\negative_edge_00247_p01.jpg,0
data\pages\negative_edge\negative_edge_00247_p02.jpg,0
data\pages\negative_normal\negative_normal_00248_p01.jpg,0
data\pages\negative_normal\negative_normal_00248_p02.jpg,0
data\pages\negative_normal\negative_normal_00248_p03.jpg,0
data\pages\negative_edge\negative_edge_00249_p01.jpg,0
data\pages\negative_edge\negative_edge_00249_p02.jpg,0
data\pages\negative_edge\negative_edge_00249_p03.jpg,0
data\pages\negative_normal\negative_normal_00250_p01.jpg,0
data\pages\negative_normal\negative_normal_00250_p02.jpg,0
data\pages\negative_edge\negative_edge_00251_p01.jpg,0
data\pages\negative_edge\negative_edge_00251_p02.jpg,0
data\pages\negative_normal\negative_normal_00252_p01.jpg,0
data\pages\negative_normal\negative_normal_00252_p02.jpg,0
data\pages\negative_normal\negative_normal_00252_p03.jpg,0
data\pages\negative_edge\negative_edge_00253_p01.jpg,0
data\pages\negative_edge\negative_edge_00253_p02.jpg,0
data\pages\negative_edge\negative_edge_00253_p03.jpg,0
data\pages\negative_normal\negative_normal_00254_p01.jpg,0
data\pages\negative_normal\negative_normal_00254_p02.jpg,0
data\pages\negative_edge\negative_edge_00255_p01.jpg,0
data\pages\negative_edge\negative_edge_00255_p02.jpg,0
data\pages\negative_edge\negative_edge_00255_p03.jpg,0
data\pages\negative_normal\negative_normal_00256_p01.jpg,0
data\pages\negative_normal\negative_normal_00256_p02.jpg,0
data\pages\negative_normal\negative_normal_00256_p03.jpg,0
data\pages\negative_edge\negative_edge_00257_p01.jpg,0
data\pages\negative_edge\negative_edge_00257_p02.jpg,0
data\pages\negative_edge\negative_edge_00257_p03.jpg,0
data\pages\negative_normal\negative_normal_00258_p01.jpg,0
data\pages\negative_normal\negative_normal_00258_p02.jpg,0
data\pages\negative_edge\negative_edge_00259_p01.jpg,0
data\pages\negative_edge\negative_edge_00259_p02.jpg,0
data\pages\negative_normal\negative_normal_00260_p01.jpg,0
data\pages\negative_normal\negative_normal_00260_p02.jpg,0
data\pages\negative_normal\negative_normal_00260_p03.jpg,0
data\pages\negative_edge\negative_edge_00261_p01.jpg,0
data\pages\negative_edge\negative_edge_00261_p02.jpg,0
data\pages\negative_edge\negative_edge_00261_p03.jpg,0
data\pages\negative_normal\negative_normal_00262_p01.jpg,0
data\pages\negative_normal\negative_normal_00262_p02.jpg,0
data\pages\negative_normal\negative_normal_00262_p03.jpg,0
data\pages\negative_edge\negative_edge_00263_p01.jpg,0
data\pages\negative_edge\negative_edge_00263_p02.jpg,0
data\pages\negative_edge\negative_edge_00263_p03.jpg,0
data\pages\negative_normal\negative_normal_00264_p01.jpg,0
data\pages\negative_normal\negative_normal_00264_p02.jpg,0
data\pages\negative_normal\negative_normal_00264_p03.jpg,0
data\pages\negative_edge\negative_edge_00265_p01.jpg,0
data\pages\negative_edge\negative_edge_00265_p02.jpg,0
data\pages\negative_edge\negative_edge_00265_p03.jpg,0
data\pages\negative_normal\negative_normal_00266_p01.jpg,0
data\pages\negative_normal\negative_normal_00266_p02.jpg,0
data\pages\negative_edge\negative_edge_00267_p01.jpg,0
data\pages\negative_edge\negative_edge_00267_p02.jpg,0
data\pages\negative_edge\negative_edge_00267_p03.jpg,0
data\pages\negative_normal\negative_normal_00268_p01.jpg,0
data\pages\negative_normal\negative_normal_00268_p02.jpg,0
data\pages\negative_normal\negative_normal_00268_p03.jpg,0
data\pages\negative_edge\negative_edge_00269_p01.jpg,0
data\pages\negative_edge\negative_edge_00269_p02.jpg,0
data\pages\negative_normal\negative_normal_00270_p01.jpg,0
data\pages\negative_normal\negative_normal_00270_p02.jpg,0
data\pages\negative_normal\negative_normal_00270_p03.jpg,0
data\pages\negative_edge\negative_edge_00271_p01.jpg,0
data\pages\negative_edge\negative_edge_00271_p02.jpg,0
data\pages\negative_normal\negative_normal_00272_p01.jpg,0
data\pages\negative_normal\negative_normal_00272_p02.jpg,0
data\pages\negative_edge\negative_edge_00273_p01.jpg,0
data\pages\negative_edge\negative_edge_00273_p02.jpg,0
data\pages\negative_edge\negative_edge_00273_p03.jpg,0
data\pages\negative_normal\negative_normal_00274_p01.jpg,0
data\pages\negative_normal\negative_normal_00274_p02.jpg,0
data\pages\negative_normal\negative_normal_00274_p03.jpg,0
data\pages\negative_edge\negative_edge_00275_p01.jpg,0
data\pages\negative_edge\negative_edge_00275_p02.jpg,0
data\pages\negative_edge\negative_edge_00275_p03.jpg,0
data\pages\negative_normal\negative_normal_00276_p01.jpg,0
data\pages\negative_normal\negative_normal_00276_p02.jpg,0
data\pages\negative_edge\negative_edge_00277_p01.jpg,0
data\pages\negative_edge\negative_edge_00277_p02.jpg,0
data\pages\negative_edge\negative_edge_00277_p03.jpg,0
data\pages\negative_normal\negative_normal_00278_p01.jpg,0
data\pages\negative_normal\negative_normal_00278_p02.jpg,0
data\pages\negative_normal\negative_normal_00278_p03.jpg,0
data\pages\negative_edge\negative_edge_00279_p01.jpg,0
data\pages\negative_edge\negative_edge_00279_p02.jpg,0
data\pages\negative_edge\negative_edge_00279_p03.jpg,0
data\pages\negative_normal\negative_normal_00280_p01.jpg,0
data\pages\negative_normal\negative_normal_00280_p02.jpg,0
data\pages\negative_normal\negative_normal_00280_p04.jpg,0
data\pages\negative_edge\negative_edge_00281_p01.jpg,0
data\pages\negative_edge\negative_edge_00281_p02.jpg,0
data\pages\negative_edge\negative_edge_00281_p03.jpg,0
data\pages\negative_normal\negative_normal_00282_p01.jpg,0
data\pages\negative_normal\negative_normal_00282_p02.jpg,0
data\pages\negative_normal\negative_normal_00282_p04.jpg,0
data\pages\negative_edge\negative_edge_00283_p01.jpg,0
data\pages\negative_edge\negative_edge_00283_p02.jpg,0
data\pages\negative_edge\negative_edge_00283_p03.jpg,0
data\pages\negative_normal\negative_normal_00284_p01.jpg,0
data\pages\negative_normal\negative_normal_00284_p02.jpg,0
data\pages\negative_edge\negative_edge_00285_p01.jpg,0
data\pages\negative_edge\negative_edge_00285_p02.jpg,0
data\pages\negative_edge\negative_edge_00285_p03.jpg,0
data\pages\negative_normal\negative_normal_00286_p01.jpg,0
data\pages\negative_normal\negative_normal_00286_p02.jpg,0
data\pages\negative_normal\negative_normal_00286_p03.jpg,0
data\pages\negative_edge\negative_edge_00287_p01.jpg,0
data\pages\negative_edge\negative_edge_00287_p02.jpg,0
data\pages\negative_edge\negative_edge_00287_p03.jpg,0
data\pages\negative_normal\negative_normal_00288_p01.jpg,0
data\pages\negative_normal\negative_normal_00288_p02.jpg,0
data\pages\negative_normal\negative_normal_00288_p03.jpg,0
data\pages\negative_edge\negative_edge_00289_p01.jpg,0
data\pages\negative_edge\negative_edge_00289_p02.jpg,0
data\pages\negative_normal\negative_normal_00290_p01.jpg,0
data\pages\negative_normal\negative_normal_00290_p02.jpg,0
data\pages\negative_normal\negative_normal_00290_p03.jpg,0
data\pages\negative_edge\negative_edge_00291_p01.jpg,0
data\pages\negative_edge\negative_edge_00291_p02.jpg,0
data\pages\negative_edge\negative_edge_00291_p03.jpg,0
data\pages\negative_normal\negative_normal_00292_p01.jpg,0
data\pages\negative_normal\negative_normal_00292_p02.jpg,0
data\pages\negative_edge\negative_edge_00293_p01.jpg,0
data\pages\negative_edge\negative_edge_00293_p02.jpg,0
data\pages\negative_normal\negative_normal_00294_p01.jpg,0
data\pages\negative_normal\negative_normal_00294_p02.jpg,0
data\pages\negative_normal\negative_normal_00294_p03.jpg,0
data\pages\negative_edge\negative_edge_00295_p01.jpg,0
data\pages\negative_edge\negative_edge_00295_p02.jpg,0
data\pages\negative_edge\negative_edge_00295_p03.jpg,0
data\pages\negative_normal\negative_normal_00296_p01.jpg,0
data\pages\negative_normal\negative_normal_00296_p02.jpg,0
data\pages\negative_normal\negative_normal_00296_p03.jpg,0
data\pages\negative_edge\negative_edge_00297_p01.jpg,0
data\pages\negative_edge\negative_edge_00297_p02.jpg,0
data\pages\negative_normal\negative_normal_00298_p01.jpg,0
data\pages\negative_normal\negative_normal_00298_p02.jpg,0
data\pages\negative_normal\negative_normal_00298_p03.jpg,0
data\pages\negative_edge\negative_edge_00299_p01.jpg,0
data\pages\negative_edge\negative_edge_00299_p02.jpg,0
data\pages\negative_edge\negative_edge_00299_p03.jpg,0
data\pages\negative_normal\negative_normal_00300_p01.jpg,0
data\pages\negative_normal\negative_normal_00300_p02.jpg,0
data\pages\negative_normal\negative_normal_00300_p03.jpg,0
data\pages\negative_edge\negative_edge_00301_p01.jpg,0
data\pages\negative_edge\negative_edge_00301_p02.jpg,0
data\pages\negative_edge\negative_edge_00301_p03.jpg,0
data\pages\negative_normal\negative_normal_00302_p01.jpg,0
data\pages\negative_normal\negative_normal_00302_p02.jpg,0
data\pages\negative_edge\negative_edge_00303_p01.jpg,0
data\pages\negative_edge\negative_edge_00303_p02.jpg,0
data\pages\negative_edge\negative_edge_00303_p03.jpg,0
data\pages\negative_normal\negative_normal_00304_p01.jpg,0
data\pages\negative_normal\negative_normal_00304_p02.jpg,0
data\pages\negative_edge\negative_edge_00305_p01.jpg,0
data\pages\negative_edge\negative_edge_00305_p02.jpg,0
data\pages\negative_edge\negative_edge_00305_p03.jpg,0
data\pages\negative_normal\negative_normal_00306_p01.jpg,0
data\pages\negative_normal\negative_normal_00306_p02.jpg,0
data\pages\negative_normal\negative_normal_00306_p03.jpg,0
data\pages\negative_edge\negative_edge_00307_p01.jpg,0
data\pages\negative_edge\negative_edge_00307_p02.jpg,0
data\pages\negative_edge\negative_edge_00307_p03.jpg,0
data\pages\negative_normal\negative_normal_00308_p01.jpg,0
data\pages\negative_normal\negative_normal_00308_p02.jpg,0
data\pages\negative_edge\negative_edge_00309_p01.jpg,0
data\pages\negative_edge\negative_edge_00309_p02.jpg,0
data\pages\negative_edge\negative_edge_00309_p03.jpg,0
data\pages\negative_normal\negative_normal_00310_p01.jpg,0
data\pages\negative_normal\negative_normal_00310_p02.jpg,0
data\pages\negative_normal\negative_normal_00310_p03.jpg,0
data\pages\negative_edge\negative_edge_00311_p01.jpg,0
data\pages\negative_edge\negative_edge_00311_p02.jpg,0
data\pages\negative_normal\negative_normal_00312_p01.jpg,0
data\pages\negative_normal\negative_normal_00312_p02.jpg,0
data\pages\negative_edge\negative_edge_00313_p01.jpg,0
data\pages\negative_edge\negative_edge_00313_p02.jpg,0
data\pages\negative_edge\negative_edge_00313_p03.jpg,0
data\pages\negative_normal\negative_normal_00314_p01.jpg,0
data\pages\negative_normal\negative_normal_00314_p02.jpg,0
data\pages\negative_normal\negative_normal_00314_p03.jpg,0
data\pages\negative_edge\negative_edge_00315_p01.jpg,0
data\pages\negative_edge\negative_edge_00315_p02.jpg,0
data\pages\negative_normal\negative_normal_00316_p01.jpg,0
data\pages\negative_normal\negative_normal_00316_p02.jpg,0
data\pages\negative_edge\negative_edge_00317_p01.jpg,0
data\pages\negative_edge\negative_edge_00317_p02.jpg,0
data\pages\negative_normal\negative_normal_00318_p01.jpg,0
data\pages\negative_normal\negative_normal_00318_p02.jpg,0
data\pages\negative_normal\negative_normal_00318_p03.jpg,0
data\pages\negative_edge\negative_edge_00319_p01.jpg,0
data\pages\negative_edge\negative_edge_00319_p02.jpg,0
data\pages\negative_normal\negative_normal_00320_p01.jpg,0
data\pages\negative_normal\negative_normal_00320_p02.jpg,0
data\pages\negative_normal\negative_normal_00320_p03.jpg,0
data\pages\negative_edge\negative_edge_00321_p01.jpg,0
data\pages\negative_edge\negative_edge_00321_p02.jpg,0
data\pages\negative_edge\negative_edge_00321_p03.jpg,0
