image_name,image_path,vector_row
passport_normal_00000_p01.jpg,data\pages\passport_normal\passport_normal_00000_p01.jpg,0
passport_normal_00000_p02.jpg,data\pages\filler_text\passport_normal_00000_p02.jpg,1
passport_edge_00001_p01.jpg,data\pages\passport_edge\passport_edge_00001_p01.jpg,2
passport_edge_00001_p02.jpg,data\pages\filler_text\passport_edge_00001_p02.jpg,3
passport_normal_00002_p01.jpg,data\pages\filler_text\passport_normal_00002_p01.jpg,4
passport_normal_00002_p02.jpg,data\pages\passport_normal\passport_normal_00002_p02.jpg,5
passport_edge_00003_p01.jpg,data\pages\filler_text\passport_edge_00003_p01.jpg,6
passport_edge_00003_p02.jpg,data\pages\passport_edge\passport_edge_00003_p02.jpg,7
passport_normal_00004_p01.jpg,data\pages\passport_normal\passport_normal_00004_p01.jpg,8
passport_normal_00004_p02.jpg,data\pages\filler_text\passport_normal_00004_p02.jpg,9
passport_edge_00005_p01.jpg,data\pages\passport_edge\passport_edge_00005_p01.jpg,10
passport_edge_00005_p02.jpg,data\pages\filler_text\passport_edge_00005_p02.jpg,11
passport_edge_00005_p03.jpg,data\pages\filler_text\passport_edge_00005_p03.jpg,12
passport_normal_00006_p01.jpg,data\pages\filler_text\passport_normal_00006_p01.jpg,13
passport_normal_00006_p02.jpg,data\pages\passport_normal\passport_normal_00006_p02.jpg,14
passport_normal_00006_p03.jpg,data\pages\filler_text\passport_normal_00006_p03.jpg,15
passport_edge_00007_p01.jpg,data\pages\filler_text\passport_edge_00007_p01.jpg,16
passport_edge_00007_p02.jpg,data\pages\filler_text\passport_edge_00007_p02.jpg,17
passport_edge_00007_p03.jpg,data\pages\passport_edge\passport_edge_00007_p03.jpg,18
passport_normal_00008_p01.jpg,data\pages\passport_normal\passport_normal_00008_p01.jpg,19
passport_normal_00008_p02.jpg,data\pages\filler_text\passport_normal_00008_p02.jpg,20
passport_edge_00009_p01.jpg,data\pages\passport_edge\passport_edge_00009_p01.jpg,21
passport_edge_00009_p02.jpg,data\pages\filler_text\passport_edge_00009_p02.jpg,22
passport_normal_00010_p01.jpg,data\pages\passport_normal\passport_normal_00010_p01.jpg,23
passport_normal_00010_p02.jpg,data\pages\filler_text\passport_normal_00010_p02.jpg,24
passport_normal_00010_p03.jpg,data\pages\filler_text\passport_normal_00010_p03.jpg,25
passport_edge_00011_p01.jpg,data\pages\passport_edge\passport_edge_00011_p01.jpg,26
passport_edge_00011_p02.jpg,data\pages\filler_text\passport_edge_00011_p02.jpg,27
passport_edge_00011_p03.jpg,data\pages\filler_text\passport_edge_00011_p03.jpg,28
passport_normal_00012_p01.jpg,data\pages\passport_normal\passport_normal_00012_p01.jpg,29
passport_normal_00012_p02.jpg,data\pages\filler_text\passport_normal_00012_p02.jpg,30
passport_normal_00012_p03.jpg,data\pages\filler_text\passport_normal_00012_p03.jpg,31
passport_edge_00013_p01.jpg,data\pages\filler_text\passport_edge_00013_p01.jpg,32
passport_edge_00013_p02.jpg,data\pages\passport_edge\passport_edge_00013_p02.jpg,33
passport_edge_00013_p03.jpg,data\pages\filler_text\passport_edge_00013_p03.jpg,34
passport_normal_00014_p01.jpg,data\pages\passport_normal\passport_normal_00014_p01.jpg,35
passport_normal_00014_p02.jpg,data\pages\filler_text\passport_normal_00014_p02.jpg,36
passport_normal_00014_p03.jpg,data\pages\filler_text\passport_normal_00014_p03.jpg,37
passport_edge_00015_p01.jpg,data\pages\filler_text\passport_edge_00015_p01.jpg,38
passport_edge_00015_p02.jpg,data\pages\filler_text\passport_edge_00015_p02.jpg,39
passport_edge_00015_p03.jpg,data\pages\passport_edge\passport_edge_00015_p03.jpg,40
passport_normal_00016_p01.jpg,data\pages\passport_normal\passport_normal_00016_p01.jpg,41
passport_normal_00016_p02.jpg,data\pages\filler_text\passport_normal_00016_p02.jpg,42
passport_edge_00017_p01.jpg,data\pages\filler_text\passport_edge_00017_p01.jpg,43
passport_edge_00017_p02.jpg,data\pages\passport_edge\passport_edge_00017_p02.jpg,44
passport_edge_00017_p03.jpg,data\pages\filler_text\passport_edge_00017_p03.jpg,45
passport_normal_00018_p01.jpg,data\pages\filler_text\passport_normal_00018_p01.jpg,46
passport_normal_00018_p02.jpg,data\pages\passport_normal\passport_normal_00018_p02.jpg,47
passport_edge_00019_p01.jpg,data\pages\passport_edge\passport_edge_00019_p01.jpg,48
passport_edge_00019_p02.jpg,data\pages\filler_text\passport_edge_00019_p02.jpg,49
passport_edge_00019_p03.jpg,data\pages\filler_text\passport_edge_00019_p03.jpg,50
passport_normal_00020_p01.jpg,data\pages\filler_text\passport_normal_00020_p01.jpg,51
passport_normal_00020_p02.jpg,data\pages\passport_normal\passport_normal_00020_p02.jpg,52
passport_edge_00021_p01.jpg,data\pages\passport_edge\passport_edge_00021_p01.jpg,53
passport_edge_00021_p02.jpg,data\pages\filler_text\passport_edge_00021_p02.jpg,54
passport_normal_00022_p01.jpg,data\pages\passport_normal\passport_normal_00022_p01.jpg,55
passport_normal_00022_p02.jpg,data\pages\filler_text\passport_normal_00022_p02.jpg,56
passport_normal_00022_p03.jpg,data\pages\filler_text\passport_normal_00022_p03.jpg,57
passport_edge_00023_p01.jpg,data\pages\passport_edge\passport_edge_00023_p01.jpg,58
passport_edge_00023_p02.jpg,data\pages\filler_text\passport_edge_00023_p02.jpg,59
passport_normal_00024_p01.jpg,data\pages\filler_text\passport_normal_00024_p01.jpg,60
passport_normal_00024_p02.jpg,data\pages\filler_text\passport_normal_00024_p02.jpg,61
passport_normal_00024_p03.jpg,data\pages\passport_normal\passport_normal_00024_p03.jpg,62
passport_edge_00025_p01.jpg,data\pages\filler_text\passport_edge_00025_p01.jpg,63
passport_edge_00025_p02.jpg,data\pages\passport_edge\passport_edge_00025_p02.jpg,64
passport_normal_00026_p01.jpg,data\pages\passport_normal\passport_normal_00026_p01.jpg,65
passport_normal_00026_p02.jpg,data\pages\filler_text\passport_normal_00026_p02.jpg,66
passport_edge_00027_p01.jpg,data\pages\filler_text\passport_edge_00027_p01.jpg,67
passport_edge_00027_p02.jpg,data\pages\passport_edge\passport_edge_00027_p02.jpg,68
passport_normal_00028_p01.jpg,data\pages\filler_text\passport_normal_00028_p01.jpg,69
passport_normal_00028_p02.jpg,data\pages\passport_normal\passport_normal_00028_p02.jpg,70
passport_normal_00028_p03.jpg,data\pages\filler_text\passport_normal_00028_p03.jpg,71
passport_edge_00029_p01.jpg,data\pages\filler_text\passport_edge_00029_p01.jpg,72
passport_edge_00029_p02.jpg,data\pages\filler_text\passport_edge_00029_p02.jpg,73
passport_edge_00029_p04.jpg,data\pages\passport_edge\passport_edge_00029_p04.jpg,74
passport_normal_00030_p01.jpg,data\pages\passport_normal\passport_normal_00030_p01.jpg,75
passport_normal_00030_p02.jpg,data\pages\filler_text\passport_normal_00030_p02.jpg,76
passport_edge_00031_p01.jpg,data\pages\filler_text\passport_edge_00031_p01.jpg,77
passport_edge_00031_p02.jpg,data\pages\filler_text\passport_edge_00031_p02.jpg,78
passport_edge_00031_p03.jpg,data\pages\passport_edge\passport_edge_00031_p03.jpg,79
passport_normal_00032_p01.jpg,data\pages\filler_text\passport_normal_00032_p01.jpg,80
passport_normal_00032_p02.jpg,data\pages\passport_normal\passport_normal_00032_p02.jpg,81
passport_normal_00032_p03.jpg,data\pages\filler_text\passport_normal_00032_p03.jpg,82
passport_edge_00033_p01.jpg,data\pages\filler_text\passport_edge_00033_p01.jpg,83
passport_edge_00033_p02.jpg,data\pages\passport_edge\passport_edge_00033_p02.jpg,84
passport_edge_00033_p03.jpg,data\pages\filler_text\passport_edge_00033_p03.jpg,85
passport_normal_00034_p01.jpg,data\pages\filler_text\passport_normal_00034_p01.jpg,86
passport_normal_00034_p02.jpg,data\pages\passport_normal\passport_normal_00034_p02.jpg,87
passport_edge_00035_p01.jpg,data\pages\filler_text\passport_edge_00035_p01.jpg,88
passport_edge_00035_p02.jpg,data\pages\passport_edge\passport_edge_00035_p02.jpg,89
passport_normal_00036_p01.jpg,data\pages\filler_text\passport_normal_00036_p01.jpg,90
passport_normal_00036_p02.jpg,data\pages\passport_normal\passport_normal_00036_p02.jpg,91
passport_normal_00036_p03.jpg,data\pages\filler_text\passport_normal_00036_p03.jpg,92
passport_edge_00037_p01.jpg,data\pages\passport_edge\passport_edge_00037_p01.jpg,93
passport_edge_00037_p02.jpg,data\pages\filler_text\passport_edge_00037_p02.jpg,94
passport_normal_00038_p01.jpg,data\pages\filler_text\passport_normal_00038_p01.jpg,95
passport_normal_00038_p02.jpg,data\pages\passport_normal\passport_normal_00038_p02.jpg,96
passport_edge_00039_p01.jpg,data\pages\filler_text\passport_edge_00039_p01.jpg,97
passport_edge_00039_p02.jpg,data\pages\filler_text\passport_edge_00039_p02.jpg,98
passport_edge_00039_p03.jpg,data\pages\passport_edge\passport_edge_00039_p03.jpg,99
passport_normal_00040_p01.jpg,data\pages\filler_text\passport_normal_00040_p01.jpg,100
passport_normal_00040_p02.jpg,data\pages\passport_normal\passport_normal_00040_p02.jpg,101
passport_edge_00041_p01.jpg,data\pages\filler_text\passport_edge_00041_p01.jpg,102
passport_edge_00041_p02.jpg,data\pages\filler_text\passport_edge_00041_p02.jpg,103
passport_edge_00041_p03.jpg,data\pages\passport_edge\passport_edge_00041_p03.jpg,104
passport_normal_00042_p01.jpg,data\pages\filler_text\passport_normal_00042_p01.jpg,105
passport_normal_00042_p02.jpg,data\pages\filler_text\passport_normal_00042_p02.jpg,106
passport_normal_00042_p03.jpg,data\pages\passport_normal\passport_normal_00042_p03.jpg,107
passport_edge_00043_p01.jpg,data\pages\filler_text\passport_edge_00043_p01.jpg,108
passport_edge_00043_p02.jpg,data\pages\passport_edge\passport_edge_00043_p02.jpg,109
passport_normal_00044_p01.jpg,data\pages\passport_normal\passport_normal_00044_p01.jpg,110
passport_normal_00044_p02.jpg,data\pages\filler_text\passport_normal_00044_p02.jpg,111
passport_edge_00045_p01.jpg,data\pages\filler_text\passport_edge_00045_p01.jpg,112
passport_edge_00045_p02.jpg,data\pages\filler_text\passport_edge_00045_p02.jpg,113
passport_edge_00045_p03.jpg,data\pages\passport_edge\passport_edge_00045_p03.jpg,114
passport_normal_00046_p01.jpg,data\pages\passport_normal\passport_normal_00046_p01.jpg,115
passport_normal_00046_p02.jpg,data\pages\filler_text\passport_normal_00046_p02.jpg,116
passport_edge_00047_p01.jpg,data\pages\filler_text\passport_edge_00047_p01.jpg,117
passport_edge_00047_p02.jpg,data\pages\passport_edge\passport_edge_00047_p02.jpg,118
passport_normal_00048_p01.jpg,data\pages\passport_normal\passport_normal_00048_p01.jpg,119
passport_normal_00048_p02.jpg,data\pages\filler_text\passport_normal_00048_p02.jpg,120
passport_edge_00049_p01.jpg,data\pages\filler_text\passport_edge_00049_p01.jpg,121
passport_edge_00049_p02.jpg,data\pages\passport_edge\passport_edge_00049_p02.jpg,122
passport_normal_00050_p01.jpg,data\pages\filler_text\passport_normal_00050_p01.jpg,123
passport_normal_00050_p02.jpg,data\pages\passport_normal\passport_normal_00050_p02.jpg,124
passport_edge_00051_p01.jpg,data\pages\filler_text\passport_edge_00051_p01.jpg,125
passport_edge_00051_p02.jpg,data\pages\passport_edge\passport_edge_00051_p02.jpg,126
passport_normal_00052_p01.jpg,data\pages\filler_text\passport_normal_00052_p01.jpg,127
passport_normal_00052_p02.jpg,data\pages\passport_normal\passport_normal_00052_p02.jpg,128
passport_edge_00053_p01.jpg,data\pages\filler_text\passport_edge_00053_p01.jpg,129
passport_edge_00053_p02.jpg,data\pages\filler_text\passport_edge_00053_p02.jpg,130
passport_edge_00053_p03.jpg,data\pages\passport_edge\passport_edge_00053_p03.jpg,131
passport_normal_00054_p01.jpg,data\pages\passport_normal\passport_normal_00054_p01.jpg,132
passport_normal_00054_p02.jpg,data\pages\filler_text\passport_normal_00054_p02.jpg,133
passport_normal_00054_p03.jpg,data\pages\filler_text\passport_normal_00054_p03.jpg,134
passport_edge_00055_p01.jpg,data\pages\filler_text\passport_edge_00055_p01.jpg,135
passport_edge_00055_p02.jpg,data\pages\passport_edge\passport_edge_00055_p02.jpg,136
passport_edge_00055_p03.jpg,data\pages\filler_text\passport_edge_00055_p03.jpg,137
passport_normal_00056_p01.jpg,data\pages\passport_normal\passport_normal_00056_p01.jpg,138
passport_normal_00056_p02.jpg,data\pages\filler_text\passport_normal_00056_p02.jpg,139
passport_edge_00057_p01.jpg,data\pages\passport_edge\passport_edge_00057_p01.jpg,140
passport_edge_00057_p02.jpg,data\pages\filler_text\passport_edge_00057_p02.jpg,141
passport_edge_00057_p03.jpg,data\pages\filler_text\passport_edge_00057_p03.jpg,142
passport_normal_00058_p01.jpg,data\pages\filler_text\passport_normal_00058_p01.jpg,143
passport_normal_00058_p02.jpg,data\pages\passport_normal\passport_normal_00058_p02.jpg,144
passport_edge_00059_p01.jpg,data\pages\filler_text\passport_edge_00059_p01.jpg,145
passport_edge_00059_p02.jpg,data\pages\passport_edge\passport_edge_00059_p02.jpg,146
passport_normal_00060_p01.jpg,data\pages\passport_normal\passport_normal_00060_p01.jpg,147
passport_normal_00060_p02.jpg,data\pages\filler_text\passport_normal_00060_p02.jpg,148
passport_normal_00060_p03.jpg,data\pages\filler_text\passport_normal_00060_p03.jpg,149
passport_edge_00061_p01.jpg,data\pages\filler_text\passport_edge_00061_p01.jpg,150
passport_edge_00061_p02.jpg,data\pages\filler_text\passport_edge_00061_p02.jpg,151
passport_edge_00061_p04.jpg,data\pages\passport_edge\passport_edge_00061_p04.jpg,152
passport_normal_00062_p01.jpg,data\pages\filler_text\passport_normal_00062_p01.jpg,153
passport_normal_00062_p02.jpg,data\pages\filler_text\passport_normal_00062_p02.jpg,154
passport_normal_00062_p03.jpg,data\pages\passport_normal\passport_normal_00062_p03.jpg,155
passport_edge_00063_p01.jpg,data\pages\passport_edge\passport_edge_00063_p01.jpg,156
passport_edge_00063_p02.jpg,data\pages\filler_text\passport_edge_00063_p02.jpg,157
passport_edge_00063_p03.jpg,data\pages\filler_text\passport_edge_00063_p03.jpg,158
passport_normal_00064_p01.jpg,data\pages\filler_text\passport_normal_00064_p01.jpg,159
passport_normal_00064_p02.jpg,data\pages\filler_text\passport_normal_00064_p02.jpg,160
passport_normal_00064_p03.jpg,data\pages\passport_normal\passport_normal_00064_p03.jpg,161
passport_edge_00065_p01.jpg,data\pages\filler_text\passport_edge_00065_p01.jpg,162
passport_edge_00065_p02.jpg,data\pages\filler_text\passport_edge_00065_p02.jpg,163
passport_edge_00065_p03.jpg,data\pages\passport_edge\passport_edge_00065_p03.jpg,164
passport_normal_00066_p01.jpg,data\pages\passport_normal\passport_normal_00066_p01.jpg,165
passport_normal_00066_p02.jpg,data\pages\filler_text\passport_normal_00066_p02.jpg,166
passport_normal_00066_p03.jpg,data\pages\filler_text\passport_normal_00066_p03.jpg,167
passport_edge_00067_p01.jpg,data\pages\passport_edge\passport_edge_00067_p01.jpg,168
passport_edge_00067_p02.jpg,data\pages\filler_text\passport_edge_00067_p02.jpg,169
passport_edge_00067_p03.jpg,data\pages\filler_text\passport_edge_00067_p03.jpg,170
passport_normal_00068_p01.jpg,data\pages\passport_normal\passport_normal_00068_p01.jpg,171
passport_normal_00068_p02.jpg,data\pages\filler_text\passport_normal_00068_p02.jpg,172
passport_edge_00069_p01.jpg,data\pages\filler_text\passport_edge_00069_p01.jpg,173
passport_edge_00069_p02.jpg,data\pages\passport_edge\passport_edge_00069_p02.jpg,174
passport_edge_00069_p03.jpg,data\pages\filler_text\passport_edge_00069_p03.jpg,175
passport_normal_00070_p01.jpg,data\pages\filler_text\passport_normal_00070_p01.jpg,176
passport_normal_00070_p02.jpg,data\pages\passport_normal\passport_normal_00070_p02.jpg,177
passport_edge_00071_p01.jpg,data\pages\filler_text\passport_edge_00071_p01.jpg,178
passport_edge_00071_p02.jpg,data\pages\passport_edge\passport_edge_00071_p02.jpg,179
passport_edge_00071_p03.jpg,data\pages\filler_text\passport_edge_00071_p03.jpg,180
passport_normal_00072_p01.jpg,data\pages\passport_normal\passport_normal_00072_p01.jpg,181
passport_normal_00072_p02.jpg,data\pages\filler_text\passport_normal_00072_p02.jpg,182
passport_edge_00073_p01.jpg,data\pages\passport_edge\passport_edge_00073_p01.jpg,183
passport_edge_00073_p02.jpg,data\pages\filler_text\passport_edge_00073_p02.jpg,184
passport_edge_00073_p03.jpg,data\pages\filler_text\passport_edge_00073_p03.jpg,185
passport_normal_00074_p01.jpg,data\pages\passport_normal\passport_normal_00074_p01.jpg,186
passport_normal_00074_p02.jpg,data\pages\filler_text\passport_normal_00074_p02.jpg,187
passport_normal_00074_p03.jpg,data\pages\filler_text\passport_normal_00074_p03.jpg,188
passport_edge_00075_p01.jpg,data\pages\filler_text\passport_edge_00075_p01.jpg,189
passport_edge_00075_p02.jpg,data\pages\passport_edge\passport_edge_00075_p02.jpg,190
passport_edge_00075_p03.jpg,data\pages\filler_text\passport_edge_00075_p03.jpg,191
passport_normal_00076_p01.jpg,data\pages\passport_normal\passport_normal_00076_p01.jpg,192
passport_normal_00076_p02.jpg,data\pages\filler_text\passport_normal_00076_p02.jpg,193
passport_edge_00077_p01.jpg,data\pages\passport_edge\passport_edge_00077_p01.jpg,194
passport_edge_00077_p02.jpg,data\pages\filler_text\passport_edge_00077_p02.jpg,195
passport_normal_00078_p01.jpg,data\pages\filler_text\passport_normal_00078_p01.jpg,196
passport_normal_00078_p02.jpg,data\pages\filler_text\passport_normal_00078_p02.jpg,197
passport_normal_00078_p03.jpg,data\pages\passport_normal\passport_normal_00078_p03.jpg,198
passport_edge_00079_p01.jpg,data\pages\filler_text\passport_edge_00079_p01.jpg,199
passport_edge_00079_p02.jpg,data\pages\passport_edge\passport_edge_00079_p02.jpg,200
passport_edge_00079_p03.jpg,data\pages\filler_text\passport_edge_00079_p03.jpg,201
passport_normal_00080_p01.jpg,data\pages\passport_normal\passport_normal_00080_p01.jpg,202
passport_normal_00080_p02.jpg,data\pages\filler_text\passport_normal_00080_p02.jpg,203
passport_edge_00081_p01.jpg,data\pages\filler_text\passport_edge_00081_p01.jpg,204
passport_edge_00081_p02.jpg,data\pages\passport_edge\passport_edge_00081_p02.jpg,205
passport_normal_00082_p01.jpg,data\pages\passport_normal\passport_normal_00082_p01.jpg,206
passport_normal_00082_p02.jpg,data\pages\filler_text\passport_normal_00082_p02.jpg,207
passport_edge_00083_p01.jpg,data\pages\passport_edge\passport_edge_00083_p01.jpg,208
passport_edge_00083_p02.jpg,data\pages\filler_text\passport_edge_00083_p02.jpg,209
passport_normal_00084_p01.jpg,data\pages\filler_text\passport_normal_00084_p01.jpg,210
passport_normal_00084_p02.jpg,data\pages\passport_normal\passport_normal_00084_p02.jpg,211
passport_edge_00085_p01.jpg,data\pages\passport_edge\passport_edge_00085_p01.jpg,212
passport_edge_00085_p02.jpg,data\pages\filler_text\passport_edge_00085_p02.jpg,213
passport_normal_00086_p01.jpg,data\pages\filler_text\passport_normal_00086_p01.jpg,214
passport_normal_00086_p02.jpg,data\pages\passport_normal\passport_normal_00086_p02.jpg,215
passport_normal_00086_p03.jpg,data\pages\filler_text\passport_normal_00086_p03.jpg,216
passport_edge_00087_p01.jpg,data\pages\filler_text\passport_edge_00087_p01.jpg,217
passport_edge_00087_p02.jpg,data\pages\filler_text\passport_edge_00087_p02.jpg,218
passport_edge_00087_p03.jpg,data\pages\passport_edge\passport_edge_00087_p03.jpg,219
passport_normal_00088_p01.jpg,data\pages\passport_normal\passport_normal_00088_p01.jpg,220
passport_normal_00088_p02.jpg,data\pages\filler_text\passport_normal_00088_p02.jpg,221
passport_edge_00089_p01.jpg,data\pages\filler_text\passport_edge_00089_p01.jpg,222
passport_edge_00089_p02.jpg,data\pages\filler_text\passport_edge_00089_p02.jpg,223
passport_edge_00089_p03.jpg,data\pages\passport_edge\passport_edge_00089_p03.jpg,224
passport_normal_00090_p01.jpg,data\pages\filler_text\passport_normal_00090_p01.jpg,225
passport_normal_00090_p02.jpg,data\pages\passport_normal\passport_normal_00090_p02.jpg,226
passport_edge_00091_p01.jpg,data\pages\filler_text\passport_edge_00091_p01.jpg,227
passport_edge_00091_p02.jpg,data\pages\filler_text\passport_edge_00091_p02.jpg,228
passport_edge_00091_p03.jpg,data\pages\passport_edge\passport_edge_00091_p03.jpg,229
passport_normal_00092_p01.jpg,data\pages\filler_text\passport_normal_00092_p01.jpg,230
passport_normal_00092_p02.jpg,data\pages\filler_text\passport_normal_00092_p02.jpg,231
passport_normal_00092_p04.jpg,data\pages\passport_normal\passport_normal_00092_p04.jpg,232
passport_edge_00093_p01.jpg,data\pages\passport_edge\passport_edge_00093_p01.jpg,233
passport_edge_00093_p02.jpg,data\pages\filler_text\passport_edge_00093_p02.jpg,234
passport_edge_00093_p03.jpg,data\pages\filler_text\passport_edge_00093_p03.jpg,235
passport_normal_00094_p01.jpg,data\pages\filler_text\passport_normal_00094_p01.jpg,236
passport_normal_00094_p02.jpg,data\pages\passport_normal\passport_normal_00094_p02.jpg,237
passport_edge_00095_p01.jpg,data\pages\filler_text\passport_edge_00095_p01.jpg,238
passport_edge_00095_p02.jpg,data\pages\filler_text\passport_edge_00095_p02.jpg,239
passport_edge_00095_p03.jpg,data\pages\passport_edge\passport_edge_00095_p03.jpg,240
passport_normal_00096_p01.jpg,data\pages\filler_text\passport_normal_00096_p01.jpg,241
passport_normal_00096_p02.jpg,data\pages\passport_normal\passport_normal_00096_p02.jpg,242
passport_edge_00097_p01.jpg,data\pages\passport_edge\passport_edge_00097_p01.jpg,243
passport_edge_00097_p02.jpg,data\pages\filler_text\passport_edge_00097_p02.jpg,244
passport_normal_00098_p01.jpg,data\pages\filler_text\passport_normal_00098_p01.jpg,245
passport_normal_00098_p02.jpg,data\pages\passport_normal\passport_normal_00098_p02.jpg,246
passport_edge_00099_p01.jpg,data\pages\filler_text\passport_edge_00099_p01.jpg,247
passport_edge_00099_p02.jpg,data\pages\passport_edge\passport_edge_00099_p02.jpg,248
passport_edge_00099_p03.jpg,data\pages\filler_text\passport_edge_00099_p03.jpg,249
passport_normal_00100_p01.jpg,data\pages\passport_normal\passport_normal_00100_p01.jpg,250
passport_normal_00100_p02.jpg,data\pages\filler_text\passport_normal_00100_p02.jpg,251
passport_edge_00101_p01.jpg,data\pages\filler_text\passport_edge_00101_p01.jpg,252
passport_edge_00101_p02.jpg,data\pages\filler_text\passport_edge_00101_p02.jpg,253
passport_edge_00101_p03.jpg,data\pages\passport_edge\passport_edge_00101_p03.jpg,254
passport_normal_00102_p01.jpg,data\pages\passport_normal\passport_normal_00102_p01.jpg,255
passport_normal_00102_p02.jpg,data\pages\filler_text\passport_normal_00102_p02.jpg,256
passport_edge_00103_p01.jpg,data\pages\filler_text\passport_edge_00103_p01.jpg,257
passport_edge_00103_p02.jpg,data\pages\filler_text\passport_edge_00103_p02.jpg,258
passport_edge_00103_p04.jpg,data\pages\passport_edge\passport_edge_00103_p04.jpg,259
passport_normal_00104_p01.jpg,data\pages\filler_text\passport_normal_00104_p01.jpg,260
passport_normal_00104_p02.jpg,data\pages\passport_normal\passport_normal_00104_p02.jpg,261
passport_edge_00105_p01.jpg,data\pages\filler_text\passport_edge_00105_p01.jpg,262
passport_edge_00105_p02.jpg,data\pages\filler_text\passport_edge_00105_p02.jpg,263
passport_edge_00105_p04.jpg,data\pages\passport_edge\passport_edge_00105_p04.jpg,264
passport_normal_00106_p01.jpg,data\pages\passport_normal\passport_normal_00106_p01.jpg,265
passport_normal_00106_p02.jpg,data\pages\filler_text\passport_normal_00106_p02.jpg,266
passport_normal_00106_p03.jpg,data\pages\filler_text\passport_normal_00106_p03.jpg,267
passport_edge_00107_p01.jpg,data\pages\filler_text\passport_edge_00107_p01.jpg,268
passport_edge_00107_p02.jpg,data\pages\filler_text\passport_edge_00107_p02.jpg,269
passport_edge_00107_p03.jpg,data\pages\passport_edge\passport_edge_00107_p03.jpg,270
passport_normal_00108_p01.jpg,data\pages\filler_text\passport_normal_00108_p01.jpg,271
passport_normal_00108_p02.jpg,data\pages\filler_text\passport_normal_00108_p02.jpg,272
passport_normal_00108_p03.jpg,data\pages\passport_normal\passport_normal_00108_p03.jpg,273
passport_edge_00109_p01.jpg,data\pages\filler_text\passport_edge_00109_p01.jpg,274
passport_edge_00109_p02.jpg,data\pages\filler_text\passport_edge_00109_p02.jpg,275
passport_edge_00109_p03.jpg,data\pages\passport_edge\passport_edge_00109_p03.jpg,276
passport_normal_00110_p01.jpg,data\pages\passport_normal\passport_normal_00110_p01.jpg,277
passport_normal_00110_p02.jpg,data\pages\filler_text\passport_normal_00110_p02.jpg,278
passport_edge_00111_p01.jpg,data\pages\filler_text\passport_edge_00111_p01.jpg,279
passport_edge_00111_p02.jpg,data\pages\passport_edge\passport_edge_00111_p02.jpg,280
passport_normal_00112_p01.jpg,data\pages\filler_text\passport_normal_00112_p01.jpg,281
passport_normal_00112_p02.jpg,data\pages\passport_normal\passport_normal_00112_p02.jpg,282
passport_normal_00112_p03.jpg,data\pages\filler_text\passport_normal_00112_p03.jpg,283
passport_edge_00113_p01.jpg,data\pages\filler_text\passport_edge_00113_p01.jpg,284
passport_edge_00113_p02.jpg,data\pages\passport_edge\passport_edge_00113_p02.jpg,285
passport_normal_00114_p01.jpg,data\pages\passport_normal\passport_normal_00114_p01.jpg,286
passport_normal_00114_p02.jpg,data\pages\filler_text\passport_normal_00114_p02.jpg,287
passport_edge_00115_p01.jpg,data\pages\passport_edge\passport_edge_00115_p01.jpg,288
passport_edge_00115_p02.jpg,data\pages\filler_text\passport_edge_00115_p02.jpg,289
passport_edge_00115_p03.jpg,data\pages\filler_text\passport_edge_00115_p03.jpg,290
passport_normal_00116_p01.jpg,data\pages\filler_text\passport_normal_00116_p01.jpg,291
passport_normal_00116_p02.jpg,data\pages\passport_normal\passport_normal_00116_p02.jpg,292
passport_normal_00116_p03.jpg,data\pages\filler_text\passport_normal_00116_p03.jpg,293
passport_edge_00117_p01.jpg,data\pages\filler_text\passport_edge_00117_p01.jpg,294
passport_edge_00117_p02.jpg,data\pages\passport_edge\passport_edge_00117_p02.jpg,295
passport_normal_00118_p01.jpg,data\pages\filler_text\passport_normal_00118_p01.jpg,296
passport_normal_00118_p02.jpg,data\pages\passport_normal\passport_normal_00118_p02.jpg,297
passport_edge_00119_p01.jpg,data\pages\filler_text\passport_edge_00119_p01.jpg,298
passport_edge_00119_p02.jpg,data\pages\passport_edge\passport_edge_00119_p02.jpg,299
passport_normal_00120_p01.jpg,data\pages\filler_text\passport_normal_00120_p01.jpg,300
passport_normal_00120_p02.jpg,data\pages\passport_normal\passport_normal_00120_p02.jpg,301
passport_normal_00120_p03.jpg,data\pages\filler_text\passport_normal_00120_p03.jpg,302
passport_edge_00121_p01.jpg,data\pages\filler_text\passport_edge_00121_p01.jpg,303
passport_edge_00121_p02.jpg,data\pages\passport_edge\passport_edge_00121_p02.jpg,304
passport_normal_00122_p01.jpg,data\pages\passport_normal\passport_normal_00122_p01.jpg,305
passport_normal_00122_p02.jpg,data\pages\filler_text\passport_normal_00122_p02.jpg,306
passport_edge_00123_p01.jpg,data\pages\passport_edge\passport_edge_00123_p01.jpg,307
passport_edge_00123_p02.jpg,data\pages\filler_text\passport_edge_00123_p02.jpg,308
passport_edge_00123_p03.jpg,data\pages\filler_text\passport_edge_00123_p03.jpg,309
passport_normal_00124_p01.jpg,data\pages\filler_text\passport_normal_00124_p01.jpg,310
passport_normal_00124_p02.jpg,data\pages\passport_normal\passport_normal_00124_p02.jpg,311
passport_edge_00125_p01.jpg,data\pages\filler_text\passport_edge_00125_p01.jpg,312
passport_edge_00125_p02.jpg,data\pages\passport_edge\passport_edge_00125_p02.jpg,313
passport_edge_00125_p03.jpg,data\pages\filler_text\passport_edge_00125_p03.jpg,314
passport_normal_00126_p01.jpg,data\pages\filler_text\passport_normal_00126_p01.jpg,315
passport_normal_00126_p02.jpg,data\pages\filler_text\passport_normal_00126_p02.jpg,316
passport_normal_00126_p03.jpg,data\pages\passport_normal\passport_normal_00126_p03.jpg,317
passport_edge_00127_p01.jpg,data\pages\filler_text\passport_edge_00127_p01.jpg,318
passport_edge_00127_p02.jpg,data\pages\filler_text\passport_edge_00127_p02.jpg,319
passport_edge_00127_p04.jpg,data\pages\passport_edge\passport_edge_00127_p04.jpg,320
passport_normal_00128_p01.jpg,data\pages\filler_text\passport_normal_00128_p01.jpg,321
passport_normal_00128_p02.jpg,data\pages\passport_normal\passport_normal_00128_p02.jpg,322
passport_normal_00128_p03.jpg,data\pages\filler_text\passport_normal_00128_p03.jpg,323
passport_edge_00129_p01.jpg,data\pages\filler_text\passport_edge_00129_p01.jpg,324
passport_edge_00129_p02.jpg,data\pages\passport_edge\passport_edge_00129_p02.jpg,325
passport_edge_00129_p03.jpg,data\pages\filler_text\passport_edge_00129_p03.jpg,326
passport_normal_00130_p01.jpg,data\pages\filler_text\passport_normal_00130_p01.jpg,327
passport_normal_00130_p02.jpg,data\pages\passport_normal\passport_normal_00130_p02.jpg,328
passport_normal_00130_p03.jpg,data\pages\filler_text\passport_normal_00130_p03.jpg,329
passport_edge_00131_p01.jpg,data\pages\filler_text\passport_edge_00131_p01.jpg,330
passport_edge_00131_p02.jpg,data\pages\passport_edge\passport_edge_00131_p02.jpg,331
passport_normal_00132_p01.jpg,data\pages\filler_text\passport_normal_00132_p01.jpg,332
passport_normal_00132_p02.jpg,data\pages\passport_normal\passport_normal_00132_p02.jpg,333
passport_edge_00133_p01.jpg,data\pages\filler_text\passport_edge_00133_p01.jpg,334
passport_edge_00133_p02.jpg,data\pages\passport_edge\passport_edge_00133_p02.jpg,335
passport_edge_00133_p03.jpg,data\pages\filler_text\passport_edge_00133_p03.jpg,336
passport_normal_00134_p01.jpg,data\pages\passport_normal\passport_normal_00134_p01.jpg,337
passport_normal_00134_p02.jpg,data\pages\filler_text\passport_normal_00134_p02.jpg,338
passport_normal_00134_p03.jpg,data\pages\filler_text\passport_normal_00134_p03.jpg,339
passport_edge_00135_p01.jpg,data\pages\filler_text\passport_edge_00135_p01.jpg,340
passport_edge_00135_p02.jpg,data\pages\passport_edge\passport_edge_00135_p02.jpg,341
passport_edge_00135_p03.jpg,data\pages\filler_text\passport_edge_00135_p03.jpg,342
passport_normal_00136_p01.jpg,data\pages\passport_normal\passport_normal_00136_p01.jpg,343
passport_normal_00136_p02.jpg,data\pages\filler_text\passport_normal_00136_p02.jpg,344
passport_edge_00137_p01.jpg,data\pages\filler_text\passport_edge_00137_p01.jpg,345
passport_edge_00137_p02.jpg,data\pages\passport_edge\passport_edge_00137_p02.jpg,346
passport_edge_00137_p03.jpg,data\pages\filler_text\passport_edge_00137_p03.jpg,347
passport_normal_00138_p01.jpg,data\pages\passport_normal\passport_normal_00138_p01.jpg,348
passport_normal_00138_p02.jpg,data\pages\filler_text\passport_normal_00138_p02.jpg,349
passport_edge_00139_p01.jpg,data\pages\passport_edge\passport_edge_00139_p01.jpg,350
passport_edge_00139_p02.jpg,data\pages\filler_text\passport_edge_00139_p02.jpg,351
passport_normal_00140_p01.jpg,data\pages\filler_text\passport_normal_00140_p01.jpg,352
passport_normal_00140_p02.jpg,data\pages\filler_text\passport_normal_00140_p02.jpg,353
passport_normal_00140_p03.jpg,data\pages\passport_normal\passport_normal_00140_p03.jpg,354
passport_edge_00141_p01.jpg,data\pages\filler_text\passport_edge_00141_p01.jpg,355
passport_edge_00141_p02.jpg,data\pages\passport_edge\passport_edge_00141_p02.jpg,356
passport_edge_00141_p03.jpg,data\pages\filler_text\passport_edge_00141_p03.jpg,357
passport_normal_00142_p01.jpg,data\pages\filler_text\passport_normal_00142_p01.jpg,358
passport_normal_00142_p02.jpg,data\pages\passport_normal\passport_normal_00142_p02.jpg,359
passport_edge_00143_p01.jpg,data\pages\filler_text\passport_edge_00143_p01.jpg,360
passport_edge_00143_p02.jpg,data\pages\passport_edge\passport_edge_00143_p02.jpg,361
passport_edge_00143_p03.jpg,data\pages\filler_text\passport_edge_00143_p03.jpg,362
passport_normal_00144_p01.jpg,data\pages\filler_text\passport_normal_00144_p01.jpg,363
passport_normal_00144_p02.jpg,data\pages\passport_normal\passport_normal_00144_p02.jpg,364
passport_edge_00145_p01.jpg,data\pages\passport_edge\passport_edge_00145_p01.jpg,365
passport_edge_00145_p02.jpg,data\pages\filler_text\passport_edge_00145_p02.jpg,366
passport_edge_00145_p03.jpg,data\pages\filler_text\passport_edge_00145_p03.jpg,367
passport_normal_00146_p01.jpg,data\pages\filler_text\passport_normal_00146_p01.jpg,368
passport_normal_00146_p02.jpg,data\pages\passport_normal\passport_normal_00146_p02.jpg,369
passport_edge_00147_p01.jpg,data\pages\filler_text\passport_edge_00147_p01.jpg,370
passport_edge_00147_p02.jpg,data\pages\passport_edge\passport_edge_00147_p02.jpg,371
passport_edge_00147_p03.jpg,data\pages\filler_text\passport_edge_00147_p03.jpg,372
passport_normal_00148_p01.jpg,data\pages\filler_text\passport_normal_00148_p01.jpg,373
passport_normal_00148_p02.jpg,data\pages\passport_normal\passport_normal_00148_p02.jpg,374
passport_normal_00148_p03.jpg,data\pages\filler_text\passport_normal_00148_p03.jpg,375
passport_edge_00149_p01.jpg,data\pages\filler_text\passport_edge_00149_p01.jpg,376
passport_edge_00149_p02.jpg,data\pages\filler_text\passport_edge_00149_p02.jpg,377
passport_edge_00149_p04.jpg,data\pages\passport_edge\passport_edge_00149_p04.jpg,378
passport_normal_00150_p01.jpg,data\pages\passport_normal\passport_normal_00150_p01.jpg,379
passport_normal_00150_p02.jpg,data\pages\filler_text\passport_normal_00150_p02.jpg,380
passport_normal_00150_p03.jpg,data\pages\filler_text\passport_normal_00150_p03.jpg,381
passport_edge_00151_p01.jpg,data\pages\filler_text\passport_edge_00151_p01.jpg,382
passport_edge_00151_p02.jpg,data\pages\passport_edge\passport_edge_00151_p02.jpg,383
passport_normal_00152_p01.jpg,data\pages\passport_normal\passport_normal_00152_p01.jpg,384
passport_normal_00152_p02.jpg,data\pages\filler_text\passport_normal_00152_p02.jpg,385
passport_edge_00153_p01.jpg,data\pages\filler_text\passport_edge_00153_p01.jpg,386
passport_edge_00153_p02.jpg,data\pages\filler_text\passport_edge_00153_p02.jpg,387
passport_edge_00153_p03.jpg,data\pages\passport_edge\passport_edge_00153_p03.jpg,388
passport_normal_00154_p01.jpg,data\pages\passport_normal\passport_normal_00154_p01.jpg,389
passport_normal_00154_p02.jpg,data\pages\filler_text\passport_normal_00154_p02.jpg,390
passport_normal_00154_p03.jpg,data\pages\filler_text\passport_normal_00154_p03.jpg,391
passport_edge_00155_p01.jpg,data\pages\filler_text\passport_edge_00155_p01.jpg,392
passport_edge_00155_p02.jpg,data\pages\passport_edge\passport_edge_00155_p02.jpg,393
passport_edge_00155_p03.jpg,data\pages\filler_text\passport_edge_00155_p03.jpg,394
passport_normal_00156_p01.jpg,data\pages\filler_text\passport_normal_00156_p01.jpg,395
passport_normal_00156_p02.jpg,data\pages\passport_normal\passport_normal_00156_p02.jpg,396
passport_normal_00156_p03.jpg,data\pages\filler_text\passport_normal_00156_p03.jpg,397
passport_edge_00157_p01.jpg,data\pages\passport_edge\passport_edge_00157_p01.jpg,398
passport_edge_00157_p02.jpg,data\pages\filler_text\passport_edge_00157_p02.jpg,399
passport_normal_00158_p01.jpg,data\pages\filler_text\passport_normal_00158_p01.jpg,400
passport_normal_00158_p02.jpg,data\pages\passport_normal\passport_normal_00158_p02.jpg,401
passport_normal_00158_p03.jpg,data\pages\filler_text\passport_normal_00158_p03.jpg,402
passport_edge_00159_p01.jpg,data\pages\passport_edge\passport_edge_00159_p01.jpg,403
passport_edge_00159_p02.jpg,data\pages\filler_text\passport_edge_00159_p02.jpg,404
passport_edge_00159_p03.jpg,data\pages\filler_text\passport_edge_00159_p03.jpg,405
passport_normal_00160_p01.jpg,data\pages\passport_normal\passport_normal_00160_p01.jpg,406
passport_normal_00160_p02.jpg,data\pages\filler_text\passport_normal_00160_p02.jpg,407
passport_edge_00161_p01.jpg,data\pages\passport_edge\passport_edge_00161_p01.jpg,408
passport_edge_00161_p02.jpg,data\pages\filler_text\passport_edge_00161_p02.jpg,409
passport_normal_00162_p01.jpg,data\pages\passport_normal\passport_normal_00162_p01.jpg,410
passport_normal_00162_p02.jpg,data\pages\filler_text\passport_normal_00162_p02.jpg,411
passport_edge_00163_p01.jpg,data\pages\passport_edge\passport_edge_00163_p01.jpg,412
passport_edge_00163_p02.jpg,data\pages\filler_text\passport_edge_00163_p02.jpg,413
passport_edge_00163_p03.jpg,data\pages\filler_text\passport_edge_00163_p03.jpg,414
passport_normal_00164_p01.jpg,data\pages\passport_normal\passport_normal_00164_p01.jpg,415
passport_normal_00164_p02.jpg,data\pages\filler_text\passport_normal_00164_p02.jpg,416
passport_edge_00165_p01.jpg,data\pages\passport_edge\passport_edge_00165_p01.jpg,417
passport_edge_00165_p02.jpg,data\pages\filler_text\passport_edge_00165_p02.jpg,418
passport_normal_00166_p01.jpg,data\pages\passport_normal\passport_normal_00166_p01.jpg,419
passport_normal_00166_p02.jpg,data\pages\filler_text\passport_normal_00166_p02.jpg,420
passport_normal_00166_p03.jpg,data\pages\filler_text\passport_normal_00166_p03.jpg,421
passport_edge_00167_p01.jpg,data\pages\filler_text\passport_edge_00167_p01.jpg,422
passport_edge_00167_p02.jpg,data\pages\passport_edge\passport_edge_00167_p02.jpg,423
passport_normal_00168_p01.jpg,data\pages\filler_text\passport_normal_00168_p01.jpg,424
passport_normal_00168_p02.jpg,data\pages\passport_normal\passport_normal_00168_p02.jpg,425
passport_edge_00169_p01.jpg,data\pages\passport_edge\passport_edge_00169_p01.jpg,426
passport_edge_00169_p02.jpg,data\pages\filler_text\passport_edge_00169_p02.jpg,427
passport_edge_00169_p03.jpg,data\pages\filler_text\passport_edge_00169_p03.jpg,428
passport_normal_00170_p01.jpg,data\pages\passport_normal\passport_normal_00170_p01.jpg,429
passport_normal_00170_p02.jpg,data\pages\filler_text\passport_normal_00170_p02.jpg,430
passport_edge_00171_p01.jpg,data\pages\filler_text\passport_edge_00171_p01.jpg,431
passport_edge_00171_p02.jpg,data\pages\filler_text\passport_edge_00171_p02.jpg,432
passport_edge_00171_p03.jpg,data\pages\passport_edge\passport_edge_00171_p03.jpg,433
passport_normal_00172_p01.jpg,data\pages\filler_text\passport_normal_00172_p01.jpg,434
passport_normal_00172_p02.jpg,data\pages\passport_normal\passport_normal_00172_p02.jpg,435
passport_edge_00173_p01.jpg,data\pages\passport_edge\passport_edge_00173_p01.jpg,436
passport_edge_00173_p02.jpg,data\pages\filler_text\passport_edge_00173_p02.jpg,437
passport_normal_00174_p01.jpg,data\pages\passport_normal\passport_normal_00174_p01.jpg,438
passport_normal_00174_p02.jpg,data\pages\filler_text\passport_normal_00174_p02.jpg,439
passport_normal_00174_p03.jpg,data\pages\filler_text\passport_normal_00174_p03.jpg,440
passport_edge_00175_p01.jpg,data\pages\passport_edge\passport_edge_00175_p01.jpg,441
passport_edge_00175_p02.jpg,data\pages\filler_text\passport_edge_00175_p02.jpg,442
passport_edge_00175_p03.jpg,data\pages\filler_text\passport_edge_00175_p03.jpg,443
passport_normal_00176_p01.jpg,data\pages\filler_text\passport_normal_00176_p01.jpg,444
passport_normal_00176_p02.jpg,data\pages\passport_normal\passport_normal_00176_p02.jpg,445
passport_edge_00177_p01.jpg,data\pages\passport_edge\passport_edge_00177_p01.jpg,446
passport_edge_00177_p02.jpg,data\pages\filler_text\passport_edge_00177_p02.jpg,447
passport_normal_00178_p01.jpg,data\pages\filler_text\passport_normal_00178_p01.jpg,448
passport_normal_00178_p02.jpg,data\pages\filler_text\passport_normal_00178_p02.jpg,449
passport_normal_00178_p03.jpg,data\pages\passport_normal\passport_normal_00178_p03.jpg,450
passport_edge_00179_p01.jpg,data\pages\filler_text\passport_edge_00179_p01.jpg,451
passport_edge_00179_p02.jpg,data\pages\filler_text\passport_edge_00179_p02.jpg,452
passport_edge_00179_p04.jpg,data\pages\passport_edge\passport_edge_00179_p04.jpg,453
passport_normal_00180_p01.jpg,data\pages\passport_normal\passport_normal_00180_p01.jpg,454
passport_normal_00180_p02.jpg,data\pages\filler_text\passport_normal_00180_p02.jpg,455
passport_normal_00180_p03.jpg,data\pages\filler_text\passport_normal_00180_p03.jpg,456
passport_edge_00181_p01.jpg,data\pages\filler_text\passport_edge_00181_p01.jpg,457
passport_edge_00181_p02.jpg,data\pages\filler_text\passport_edge_00181_p02.jpg,458
passport_edge_00181_p03.jpg,data\pages\passport_edge\passport_edge_00181_p03.jpg,459
passport_normal_00182_p01.jpg,data\pages\passport_normal\passport_normal_00182_p01.jpg,460
passport_normal_00182_p02.jpg,data\pages\filler_text\passport_normal_00182_p02.jpg,461
passport_normal_00182_p03.jpg,data\pages\filler_text\passport_normal_00182_p03.jpg,462
passport_edge_00183_p01.jpg,data\pages\filler_text\passport_edge_00183_p01.jpg,463
passport_edge_00183_p02.jpg,data\pages\filler_text\passport_edge_00183_p02.jpg,464
passport_edge_00183_p03.jpg,data\pages\passport_edge\passport_edge_00183_p03.jpg,465
passport_normal_00184_p01.jpg,data\pages\passport_normal\passport_normal_00184_p01.jpg,466
passport_normal_00184_p02.jpg,data\pages\filler_text\passport_normal_00184_p02.jpg,467
passport_normal_00184_p03.jpg,data\pages\filler_text\passport_normal_00184_p03.jpg,468
passport_edge_00185_p01.jpg,data\pages\filler_text\passport_edge_00185_p01.jpg,469
passport_edge_00185_p02.jpg,data\pages\passport_edge\passport_edge_00185_p02.jpg,470
passport_normal_00186_p01.jpg,data\pages\filler_text\passport_normal_00186_p01.jpg,471
passport_normal_00186_p02.jpg,data\pages\filler_text\passport_normal_00186_p02.jpg,472
passport_normal_00186_p03.jpg,data\pages\passport_normal\passport_normal_00186_p03.jpg,473
passport_edge_00187_p01.jpg,data\pages\passport_edge\passport_edge_00187_p01.jpg,474
passport_edge_00187_p02.jpg,data\pages\filler_text\passport_edge_00187_p02.jpg,475
passport_edge_00187_p03.jpg,data\pages\filler_text\passport_edge_00187_p03.jpg,476
passport_normal_00188_p01.jpg,data\pages\passport_normal\passport_normal_00188_p01.jpg,477
passport_normal_00188_p02.jpg,data\pages\filler_text\passport_normal_00188_p02.jpg,478
passport_edge_00189_p01.jpg,data\pages\filler_text\passport_edge_00189_p01.jpg,479
passport_edge_00189_p02.jpg,data\pages\passport_edge\passport_edge_00189_p02.jpg,480
passport_edge_00189_p03.jpg,data\pages\filler_text\passport_edge_00189_p03.jpg,481
passport_normal_00190_p01.jpg,data\pages\filler_text\passport_normal_00190_p01.jpg,482
passport_normal_00190_p02.jpg,data\pages\passport_normal\passport_normal_00190_p02.jpg,483
passport_normal_00190_p03.jpg,data\pages\filler_text\passport_normal_00190_p03.jpg,484
passport_edge_00191_p01.jpg,data\pages\filler_text\passport_edge_00191_p01.jpg,485
passport_edge_00191_p02.jpg,data\pages\passport_edge\passport_edge_00191_p02.jpg,486
passport_edge_00191_p03.jpg,data\pages\filler_text\passport_edge_00191_p03.jpg,487
passport_normal_00192_p01.jpg,data\pages\passport_normal\passport_normal_00192_p01.jpg,488
passport_normal_00192_p02.jpg,data\pages\filler_text\passport_normal_00192_p02.jpg,489
passport_normal_00192_p03.jpg,data\pages\filler_text\passport_normal_00192_p03.jpg,490
passport_edge_00193_p01.jpg,data\pages\filler_text\passport_edge_00193_p01.jpg,491
passport_edge_00193_p02.jpg,data\pages\passport_edge\passport_edge_00193_p02.jpg,492
passport_normal_00194_p01.jpg,data\pages\filler_text\passport_normal_00194_p01.jpg,493
passport_normal_00194_p02.jpg,data\pages\passport_normal\passport_normal_00194_p02.jpg,494
passport_edge_00195_p01.jpg,data\pages\filler_text\passport_edge_00195_p01.jpg,495
passport_edge_00195_p02.jpg,data\pages\passport_edge\passport_edge_00195_p02.jpg,496
passport_normal_00196_p01.jpg,data\pages\passport_normal\passport_normal_00196_p01.jpg,497
passport_normal_00196_p02.jpg,data\pages\filler_text\passport_normal_00196_p02.jpg,498
passport_normal_00196_p03.jpg,data\pages\filler_text\passport_normal_00196_p03.jpg,499
passport_edge_00197_p01.jpg,data\pages\passport_edge\passport_edge_00197_p01.jpg,500
passport_edge_00197_p02.jpg,data\pages\filler_text\passport_edge_00197_p02.jpg,501
passport_normal_00198_p01.jpg,data\pages\filler_text\passport_normal_00198_p01.jpg,502
passport_normal_00198_p02.jpg,data\pages\filler_text\passport_normal_00198_p02.jpg,503
passport_normal_00198_p03.jpg,data\pages\passport_normal\passport_normal_00198_p03.jpg,504
passport_edge_00199_p01.jpg,data\pages\filler_text\passport_edge_00199_p01.jpg,505
passport_edge_00199_p02.jpg,data\pages\filler_text\passport_edge_00199_p02.jpg,506
passport_edge_00199_p03.jpg,data\pages\passport_edge\passport_edge_00199_p03.jpg,507
passport_normal_00200_p01.jpg,data\pages\filler_text\passport_normal_00200_p01.jpg,508
passport_normal_00200_p02.jpg,data\pages\passport_normal\passport_normal_00200_p02.jpg,509
passport_edge_00201_p01.jpg,data\pages\passport_edge\passport_edge_00201_p01.jpg,510
passport_edge_00201_p02.jpg,data\pages\filler_text\passport_edge_00201_p02.jpg,511
passport_normal_00202_p01.jpg,data\pages\filler_text\passport_normal_00202_p01.jpg,512
passport_normal_00202_p02.jpg,data\pages\filler_text\passport_normal_00202_p02.jpg,513
passport_normal_00202_p04.jpg,data\pages\passport_normal\passport_normal_00202_p04.jpg,514
passport_edge_00203_p01.jpg,data\pages\filler_text\passport_edge_00203_p01.jpg,515
passport_edge_00203_p02.jpg,data\pages\passport_edge\passport_edge_00203_p02.jpg,516
passport_edge_00203_p03.jpg,data\pages\filler_text\passport_edge_00203_p03.jpg,517
passport_normal_00204_p01.jpg,data\pages\filler_text\passport_normal_00204_p01.jpg,518
passport_normal_00204_p02.jpg,data\pages\filler_text\passport_normal_00204_p02.jpg,519
passport_normal_00204_p03.jpg,data\pages\passport_normal\passport_normal_00204_p03.jpg,520
passport_edge_00205_p01.jpg,data\pages\filler_text\passport_edge_00205_p01.jpg,521
passport_edge_00205_p02.jpg,data\pages\passport_edge\passport_edge_00205_p02.jpg,522
passport_edge_00205_p03.jpg,data\pages\filler_text\passport_edge_00205_p03.jpg,523
passport_normal_00206_p01.jpg,data\pages\filler_text\passport_normal_00206_p01.jpg,524
passport_normal_00206_p02.jpg,data\pages\passport_normal\passport_normal_00206_p02.jpg,525
passport_edge_00207_p01.jpg,data\pages\filler_text\passport_edge_00207_p01.jpg,526
passport_edge_00207_p02.jpg,data\pages\passport_edge\passport_edge_00207_p02.jpg,527
passport_edge_00207_p03.jpg,data\pages\filler_text\passport_edge_00207_p03.jpg,528
passport_normal_00208_p01.jpg,data\pages\filler_text\passport_normal_00208_p01.jpg,529
passport_normal_00208_p02.jpg,data\pages\passport_normal\passport_normal_00208_p02.jpg,530
passport_normal_00208_p03.jpg,data\pages\filler_text\passport_normal_00208_p03.jpg,531
passport_edge_00209_p01.jpg,data\pages\filler_text\passport_edge_00209_p01.jpg,532
passport_edge_00209_p02.jpg,data\pages\filler_text\passport_edge_00209_p02.jpg,533
passport_edge_00209_p03.jpg,data\pages\passport_edge\passport_edge_00209_p03.jpg,534
passport_normal_00210_p01.jpg,data\pages\filler_text\passport_normal_00210_p01.jpg,535
passport_normal_00210_p02.jpg,data\pages\passport_normal\passport_normal_00210_p02.jpg,536
passport_normal_00210_p03.jpg,data\pages\filler_text\passport_normal_00210_p03.jpg,537
passport_edge_00211_p01.jpg,data\pages\filler_text\passport_edge_00211_p01.jpg,538
passport_edge_00211_p02.jpg,data\pages\filler_text\passport_edge_00211_p02.jpg,539
passport_edge_00211_p03.jpg,data\pages\passport_edge\passport_edge_00211_p03.jpg,540
passport_normal_00212_p01.jpg,data\pages\passport_normal\passport_normal_00212_p01.jpg,541
passport_normal_00212_p02.jpg,data\pages\filler_text\passport_normal_00212_p02.jpg,542
passport_edge_00213_p01.jpg,data\pages\filler_text\passport_edge_00213_p01.jpg,543
passport_edge_00213_p02.jpg,data\pages\passport_edge\passport_edge_00213_p02.jpg,544
passport_edge_00213_p03.jpg,data\pages\filler_text\passport_edge_00213_p03.jpg,545
passport_normal_00214_p01.jpg,data\pages\passport_normal\passport_normal_00214_p01.jpg,546
passport_normal_00214_p02.jpg,data\pages\filler_text\passport_normal_00214_p02.jpg,547
passport_normal_00214_p03.jpg,data\pages\filler_text\passport_normal_00214_p03.jpg,548
passport_edge_00215_p01.jpg,data\pages\filler_text\passport_edge_00215_p01.jpg,549
passport_edge_00215_p02.jpg,data\pages\passport_edge\passport_edge_00215_p02.jpg,550
passport_edge_00215_p03.jpg,data\pages\filler_text\passport_edge_00215_p03.jpg,551
passport_normal_00216_p01.jpg,data\pages\passport_normal\passport_normal_00216_p01.jpg,552
passport_normal_00216_p02.jpg,data\pages\filler_text\passport_normal_00216_p02.jpg,553
passport_normal_00216_p03.jpg,data\pages\filler_text\passport_normal_00216_p03.jpg,554
passport_edge_00217_p01.jpg,data\pages\filler_text\passport_edge_00217_p01.jpg,555
passport_edge_00217_p02.jpg,data\pages\passport_edge\passport_edge_00217_p02.jpg,556
passport_edge_00217_p03.jpg,data\pages\filler_text\passport_edge_00217_p03.jpg,557
passport_normal_00218_p01.jpg,data\pages\filler_text\passport_normal_00218_p01.jpg,558
passport_normal_00218_p02.jpg,data\pages\passport_normal\passport_normal_00218_p02.jpg,559
passport_normal_00218_p03.jpg,data\pages\filler_text\passport_normal_00218_p03.jpg,560
passport_edge_00219_p01.jpg,data\pages\passport_edge\passport_edge_00219_p01.jpg,561
passport_edge_00219_p02.jpg,data\pages\filler_text\passport_edge_00219_p02.jpg,562
passport_edge_00219_p03.jpg,data\pages\filler_text\passport_edge_00219_p03.jpg,563
passport_normal_00220_p01.jpg,data\pages\filler_text\passport_normal_00220_p01.jpg,564
passport_normal_00220_p02.jpg,data\pages\passport_normal\passport_normal_00220_p02.jpg,565
passport_edge_00221_p01.jpg,data\pages\filler_text\passport_edge_00221_p01.jpg,566
passport_edge_00221_p02.jpg,data\pages\passport_edge\passport_edge_00221_p02.jpg,567
passport_edge_00221_p03.jpg,data\pages\filler_text\passport_edge_00221_p03.jpg,568
passport_normal_00222_p01.jpg,data\pages\passport_normal\passport_normal_00222_p01.jpg,569
passport_normal_00222_p02.jpg,data\pages\filler_text\passport_normal_00222_p02.jpg,570
passport_normal_00222_p03.jpg,data\pages\filler_text\passport_normal_00222_p03.jpg,571
passport_edge_00223_p01.jpg,data\pages\passport_edge\passport_edge_00223_p01.jpg,572
passport_edge_00223_p02.jpg,data\pages\filler_text\passport_edge_00223_p02.jpg,573
passport_normal_00224_p01.jpg,data\pages\filler_text\passport_normal_00224_p01.jpg,574
passport_normal_00224_p02.jpg,data\pages\filler_text\passport_normal_00224_p02.jpg,575
passport_normal_00224_p03.jpg,data\pages\passport_normal\passport_normal_00224_p03.jpg,576
passport_edge_00225_p01.jpg,data\pages\passport_edge\passport_edge_00225_p01.jpg,577
passport_edge_00225_p02.jpg,data\pages\filler_text\passport_edge_00225_p02.jpg,578
passport_normal_00226_p01.jpg,data\pages\filler_text\passport_normal_00226_p01.jpg,579
passport_normal_00226_p02.jpg,data\pages\filler_text\passport_normal_00226_p02.jpg,580
passport_normal_00226_p03.jpg,data\pages\passport_normal\passport_normal_00226_p03.jpg,581
passport_edge_00227_p01.jpg,data\pages\filler_text\passport_edge_00227_p01.jpg,582
passport_edge_00227_p02.jpg,data\pages\passport_edge\passport_edge_00227_p02.jpg,583
passport_edge_00227_p03.jpg,data\pages\filler_text\passport_edge_00227_p03.jpg,584
passport_normal_00228_p01.jpg,data\pages\filler_text\passport_normal_00228_p01.jpg,585
passport_normal_00228_p02.jpg,data\pages\filler_text\passport_normal_00228_p02.jpg,586
passport_normal_00228_p03.jpg,data\pages\passport_normal\passport_normal_00228_p03.jpg,587
passport_edge_00229_p01.jpg,data\pages\passport_edge\passport_edge_00229_p01.jpg,588
passport_edge_00229_p02.jpg,data\pages\filler_text\passport_edge_00229_p02.jpg,589
passport_edge_00229_p03.jpg,data\pages\filler_text\passport_edge_00229_p03.jpg,590
passport_normal_00230_p01.jpg,data\pages\filler_text\passport_normal_00230_p01.jpg,591
passport_normal_00230_p02.jpg,data\pages\passport_normal\passport_normal_00230_p02.jpg,592
passport_edge_00231_p01.jpg,data\pages\filler_text\passport_edge_00231_p01.jpg,593
passport_edge_00231_p02.jpg,data\pages\passport_edge\passport_edge_00231_p02.jpg,594
passport_normal_00232_p01.jpg,data\pages\filler_text\passport_normal_00232_p01.jpg,595
passport_normal_00232_p02.jpg,data\pages\filler_text\passport_normal_00232_p02.jpg,596
passport_normal_00232_p03.jpg,data\pages\passport_normal\passport_normal_00232_p03.jpg,597
passport_edge_00233_p01.jpg,data\pages\filler_text\passport_edge_00233_p01.jpg,598
passport_edge_00233_p02.jpg,data\pages\filler_text\passport_edge_00233_p02.jpg,599
passport_edge_00233_p04.jpg,data\pages\passport_edge\passport_edge_00233_p04.jpg,600
passport_normal_00234_p01.jpg,data\pages\filler_text\passport_normal_00234_p01.jpg,601
passport_normal_00234_p02.jpg,data\pages\passport_normal\passport_normal_00234_p02.jpg,602
passport_normal_00234_p03.jpg,data\pages\filler_text\passport_normal_00234_p03.jpg,603
passport_edge_00235_p01.jpg,data\pages\filler_text\passport_edge_00235_p01.jpg,604
passport_edge_00235_p02.jpg,data\pages\passport_edge\passport_edge_00235_p02.jpg,605
passport_edge_00235_p03.jpg,data\pages\filler_text\passport_edge_00235_p03.jpg,606
passport_normal_00236_p01.jpg,data\pages\passport_normal\passport_normal_00236_p01.jpg,607
passport_normal_00236_p02.jpg,data\pages\filler_text\passport_normal_00236_p02.jpg,608
passport_edge_00237_p01.jpg,data\pages\filler_text\passport_edge_00237_p01.jpg,609
passport_edge_00237_p02.jpg,data\pages\filler_text\passport_edge_00237_p02.jpg,610
passport_edge_00237_p03.jpg,data\pages\passport_edge\passport_edge_00237_p03.jpg,611
passport_normal_00238_p01.jpg,data\pages\filler_text\passport_normal_00238_p01.jpg,612
passport_normal_00238_p02.jpg,data\pages\passport_normal\passport_normal_00238_p02.jpg,613
passport_normal_00238_p03.jpg,data\pages\filler_text\passport_normal_00238_p03.jpg,614
passport_edge_00239_p01.jpg,data\pages\filler_text\passport_edge_00239_p01.jpg,615
passport_edge_00239_p02.jpg,data\pages\filler_text\passport_edge_00239_p02.jpg,616
passport_edge_00239_p03.jpg,data\pages\passport_edge\passport_edge_00239_p03.jpg,617
passport_normal_00240_p01.jpg,data\pages\passport_normal\passport_normal_00240_p01.jpg,618
passport_normal_00240_p02.jpg,data\pages\filler_text\passport_normal_00240_p02.jpg,619
passport_normal_00240_p03.jpg,data\pages\filler_text\passport_normal_00240_p03.jpg,620
passport_edge_00241_p01.jpg,data\pages\filler_text\passport_edge_00241_p01.jpg,621
passport_edge_00241_p02.jpg,data\pages\filler_text\passport_edge_00241_p02.jpg,622
passport_edge_00241_p04.jpg,data\pages\passport_edge\passport_edge_00241_p04.jpg,623
passport_normal_00242_p01.jpg,data\pages\filler_text\passport_normal_00242_p01.jpg,624
passport_normal_00242_p02.jpg,data\pages\filler_text\passport_normal_00242_p02.jpg,625
passport_normal_00242_p03.jpg,data\pages\passport_normal\passport_normal_00242_p03.jpg,626
passport_edge_00243_p01.jpg,data\pages\passport_edge\passport_edge_00243_p01.jpg,627
passport_edge_00243_p02.jpg,data\pages\filler_text\passport_edge_00243_p02.jpg,628
passport_edge_00243_p03.jpg,data\pages\filler_text\passport_edge_00243_p03.jpg,629
negative_normal_00244_p01.jpg,data\pages\negative_normal\negative_normal_00244_p01.jpg,630
negative_normal_00244_p02.jpg,data\pages\negative_normal\negative_normal_00244_p02.jpg,631
negative_normal_00244_p03.jpg,data\pages\negative_normal\negative_normal_00244_p03.jpg,632
negative_edge_00245_p01.jpg,data\pages\negative_edge\negative_edge_00245_p01.jpg,633
negative_edge_00245_p02.jpg,data\pages\negative_edge\negative_edge_00245_p02.jpg,634
negative_edge_00245_p04.jpg,data\pages\negative_edge\negative_edge_00245_p04.jpg,635
negative_normal_00246_p01.jpg,data\pages\negative_normal\negative_normal_00246_p01.jpg,636
negative_normal_00246_p02.jpg,data\pages\negative_normal\negative_normal_00246_p02.jpg,637
negative_normal_00246_p03.jpg,data\pages\negative_normal\negative_normal_00246_p03.jpg,638
negative_edge_00247_p01.jpg,data\pages\negative_edge\negative_edge_00247_p01.jpg,639
negative_edge_00247_p02.jpg,data\pages\negative_edge\negative_edge_00247_p02.jpg,640
negative_normal_00248_p01.jpg,data\pages\negative_normal\negative_normal_00248_p01.jpg,641
negative_normal_00248_p02.jpg,data\pages\negative_normal\negative_normal_00248_p02.jpg,642
negative_normal_00248_p03.jpg,data\pages\negative_normal\negative_normal_00248_p03.jpg,643
negative_edge_00249_p01.jpg,data\pages\negative_edge\negative_edge_00249_p01.jpg,644
negative_edge_00249_p02.jpg,data\pages\negative_edge\negative_edge_00249_p02.jpg,645
negative_edge_00249_p03.jpg,data\pages\negative_edge\negative_edge_00249_p03.jpg,646
negative_normal_00250_p01.jpg,data\pages\negative_normal\negative_normal_00250_p01.jpg,647
negative_normal_00250_p02.jpg,data\pages\negative_normal\negative_normal_00250_p02.jpg,648
negative_edge_00251_p01.jpg,data\pages\negative_edge\negative_edge_00251_p01.jpg,649
negative_edge_00251_p02.jpg,data\pages\negative_edge\negative_edge_00251_p02.jpg,650
negative_normal_00252_p01.jpg,data\pages\negative_normal\negative_normal_00252_p01.jpg,651
negative_normal_00252_p02.jpg,data\pages\negative_normal\negative_normal_00252_p02.jpg,652
negative_normal_00252_p03.jpg,data\pages\negative_normal\negative_normal_00252_p03.jpg,653
negative_edge_00253_p01.jpg,data\pages\negative_edge\negative_edge_00253_p01.jpg,654
negative_edge_00253_p02.jpg,data\pages\negative_edge\negative_edge_00253_p02.jpg,655
negative_edge_00253_p03.jpg,data\pages\negative_edge\negative_edge_00253_p03.jpg,656
negative_normal_00254_p01.jpg,data\pages\negative_normal\negative_normal_00254_p01.jpg,657
negative_normal_00254_p02.jpg,data\pages\negative_normal\negative_normal_00254_p02.jpg,658
negative_edge_00255_p01.jpg,data\pages\negative_edge\negative_edge_00255_p01.jpg,659
negative_edge_00255_p02.jpg,data\pages\negative_edge\negative_edge_00255_p02.jpg,660
negative_edge_00255_p03.jpg,data\pages\negative_edge\negative_edge_00255_p03.jpg,661
negative_normal_00256_p01.jpg,data\pages\negative_normal\negative_normal_00256_p01.jpg,662
negative_normal_00256_p02.jpg,data\pages\negative_normal\negative_normal_00256_p02.jpg,663
negative_normal_00256_p03.jpg,data\pages\negative_normal\negative_normal_00256_p03.jpg,664
negative_edge_00257_p01.jpg,data\pages\negative_edge\negative_edge_00257_p01.jpg,665
negative_edge_00257_p02.jpg,data\pages\negative_edge\negative_edge_00257_p02.jpg,666
negative_edge_00257_p03.jpg,data\pages\negative_edge\negative_edge_00257_p03.jpg,667
negative_normal_00258_p01.jpg,data\pages\negative_normal\negative_normal_00258_p01.jpg,668
negative_normal_00258_p02.jpg,data\pages\negative_normal\negative_normal_00258_p02.jpg,669
negative_edge_00259_p01.jpg,data\pages\negative_edge\negative_edge_00259_p01.jpg,670
negative_edge_00259_p02.jpg,data\pages\negative_edge\negative_edge_00259_p02.jpg,671
negative_normal_00260_p01.jpg,data\pages\negative_normal\negative_normal_00260_p01.jpg,672
negative_normal_00260_p02.jpg,data\pages\negative_normal\negative_normal_00260_p02.jpg,673
negative_normal_00260_p03.jpg,data\pages\negative_normal\negative_normal_00260_p03.jpg,674
negative_edge_00261_p01.jpg,data\pages\negative_edge\negative_edge_00261_p01.jpg,675
negative_edge_00261_p02.jpg,data\pages\negative_edge\negative_edge_00261_p02.jpg,676
negative_edge_00261_p03.jpg,data\pages\negative_edge\negative_edge_00261_p03.jpg,677
negative_normal_00262_p01.jpg,data\pages\negative_normal\negative_normal_00262_p01.jpg,678
negative_normal_00262_p02.jpg,data\pages\negative_normal\negative_normal_00262_p02.jpg,679
negative_normal_00262_p03.jpg,data\pages\negative_normal\negative_normal_00262_p03.jpg,680
negative_edge_00263_p01.jpg,data\pages\negative_edge\negative_edge_00263_p01.jpg,681
negative_edge_00263_p02.jpg,data\pages\negative_edge\negative_edge_00263_p02.jpg,682
negative_edge_00263_p03.jpg,data\pages\negative_edge\negative_edge_00263_p03.jpg,683
negative_normal_00264_p01.jpg,data\pages\negative_normal\negative_normal_00264_p01.jpg,684
negative_normal_00264_p02.jpg,data\pages\negative_normal\negative_normal_00264_p02.jpg,685
negative_normal_00264_p03.jpg,data\pages\negative_normal\negative_normal_00264_p03.jpg,686
negative_edge_00265_p01.jpg,data\pages\negative_edge\negative_edge_00265_p01.jpg,687
negative_edge_00265_p02.jpg,data\pages\negative_edge\negative_edge_00265_p02.jpg,688
negative_edge_00265_p03.jpg,data\pages\negative_edge\negative_edge_00265_p03.jpg,689
negative_normal_00266_p01.jpg,data\pages\negative_normal\negative_normal_00266_p01.jpg,690
negative_normal_00266_p02.jpg,data\pages\negative_normal\negative_normal_00266_p02.jpg,691
negative_edge_00267_p01.jpg,data\pages\negative_edge\negative_edge_00267_p01.jpg,692
negative_edge_00267_p02.jpg,data\pages\negative_edge\negative_edge_00267_p02.jpg,693
negative_edge_00267_p03.jpg,data\pages\negative_edge\negative_edge_00267_p03.jpg,694
negative_normal_00268_p01.jpg,data\pages\negative_normal\negative_normal_00268_p01.jpg,695
negative_normal_00268_p02.jpg,data\pages\negative_normal\negative_normal_00268_p02.jpg,696
negative_normal_00268_p03.jpg,data\pages\negative_normal\negative_normal_00268_p03.jpg,697
negative_edge_00269_p01.jpg,data\pages\negative_edge\negative_edge_00269_p01.jpg,698
negative_edge_00269_p02.jpg,data\pages\negative_edge\negative_edge_00269_p02.jpg,699
negative_normal_00270_p01.jpg,data\pages\negative_normal\negative_normal_00270_p01.jpg,700
negative_normal_00270_p02.jpg,data\pages\negative_normal\negative_normal_00270_p02.jpg,701
negative_normal_00270_p03.jpg,data\pages\negative_normal\negative_normal_00270_p03.jpg,702
negative_edge_00271_p01.jpg,data\pages\negative_edge\negative_edge_00271_p01.jpg,703
negative_edge_00271_p02.jpg,data\pages\negative_edge\negative_edge_00271_p02.jpg,704
negative_normal_00272_p01.jpg,data\pages\negative_normal\negative_normal_00272_p01.jpg,705
negative_normal_00272_p02.jpg,data\pages\negative_normal\negative_normal_00272_p02.jpg,706
negative_edge_00273_p01.jpg,data\pages\negative_edge\negative_edge_00273_p01.jpg,707
negative_edge_00273_p02.jpg,data\pages\negative_edge\negative_edge_00273_p02.jpg,708
negative_edge_00273_p03.jpg,data\pages\negative_edge\negative_edge_00273_p03.jpg,709
negative_normal_00274_p01.jpg,data\pages\negative_normal\negative_normal_00274_p01.jpg,710
negative_normal_00274_p02.jpg,data\pages\negative_normal\negative_normal_00274_p02.jpg,711
negative_normal_00274_p03.jpg,data\pages\negative_normal\negative_normal_00274_p03.jpg,712
negative_edge_00275_p01.jpg,data\pages\negative_edge\negative_edge_00275_p01.jpg,713
negative_edge_00275_p02.jpg,data\pages\negative_edge\negative_edge_00275_p02.jpg,714
negative_edge_00275_p03.jpg,data\pages\negative_edge\negative_edge_00275_p03.jpg,715
negative_normal_00276_p01.jpg,data\pages\negative_normal\negative_normal_00276_p01.jpg,716
negative_normal_00276_p02.jpg,data\pages\negative_normal\negative_normal_00276_p02.jpg,717
negative_edge_00277_p01.jpg,data\pages\negative_edge\negative_edge_00277_p01.jpg,718
negative_edge_00277_p02.jpg,data\pages\negative_edge\negative_edge_00277_p02.jpg,719
negative_edge_00277_p03.jpg,data\pages\negative_edge\negative_edge_00277_p03.jpg,720
negative_normal_00278_p01.jpg,data\pages\negative_normal\negative_normal_00278_p01.jpg,721
negative_normal_00278_p02.jpg,data\pages\negative_normal\negative_normal_00278_p02.jpg,722
negative_normal_00278_p03.jpg,data\pages\negative_normal\negative_normal_00278_p03.jpg,723
negative_edge_00279_p01.jpg,data\pages\negative_edge\negative_edge_00279_p01.jpg,724
negative_edge_00279_p02.jpg,data\pages\negative_edge\negative_edge_00279_p02.jpg,725
negative_edge_00279_p03.jpg,data\pages\negative_edge\negative_edge_00279_p03.jpg,726
negative_normal_00280_p01.jpg,data\pages\negative_normal\negative_normal_00280_p01.jpg,727
negative_normal_00280_p02.jpg,data\pages\negative_normal\negative_normal_00280_p02.jpg,728
negative_normal_00280_p04.jpg,data\pages\negative_normal\negative_normal_00280_p04.jpg,729
negative_edge_00281_p01.jpg,data\pages\negative_edge\negative_edge_00281_p01.jpg,730
negative_edge_00281_p02.jpg,data\pages\negative_edge\negative_edge_00281_p02.jpg,731
negative_edge_00281_p03.jpg,data\pages\negative_edge\negative_edge_00281_p03.jpg,732
negative_normal_00282_p01.jpg,data\pages\negative_normal\negative_normal_00282_p01.jpg,733
negative_normal_00282_p02.jpg,data\pages\negative_normal\negative_normal_00282_p02.jpg,734
negative_normal_00282_p04.jpg,data\pages\negative_normal\negative_normal_00282_p04.jpg,735
negative_edge_00283_p01.jpg,data\pages\negative_edge\negative_edge_00283_p01.jpg,736
negative_edge_00283_p02.jpg,data\pages\negative_edge\negative_edge_00283_p02.jpg,737
negative_edge_00283_p03.jpg,data\pages\negative_edge\negative_edge_00283_p03.jpg,738
negative_normal_00284_p01.jpg,data\pages\negative_normal\negative_normal_00284_p01.jpg,739
negative_normal_00284_p02.jpg,data\pages\negative_normal\negative_normal_00284_p02.jpg,740
negative_edge_00285_p01.jpg,data\pages\negative_edge\negative_edge_00285_p01.jpg,741
negative_edge_00285_p02.jpg,data\pages\negative_edge\negative_edge_00285_p02.jpg,742
negative_edge_00285_p03.jpg,data\pages\negative_edge\negative_edge_00285_p03.jpg,743
negative_normal_00286_p01.jpg,data\pages\negative_normal\negative_normal_00286_p01.jpg,744
negative_normal_00286_p02.jpg,data\pages\negative_normal\negative_normal_00286_p02.jpg,745
negative_normal_00286_p03.jpg,data\pages\negative_normal\negative_normal_00286_p03.jpg,746
negative_edge_00287_p01.jpg,data\pages\negative_edge\negative_edge_00287_p01.jpg,747
negative_edge_00287_p02.jpg,data\pages\negative_edge\negative_edge_00287_p02.jpg,748
negative_edge_00287_p03.jpg,data\pages\negative_edge\negative_edge_00287_p03.jpg,749
negative_normal_00288_p01.jpg,data\pages\negative_normal\negative_normal_00288_p01.jpg,750
negative_normal_00288_p02.jpg,data\pages\negative_normal\negative_normal_00288_p02.jpg,751
negative_normal_00288_p03.jpg,data\pages\negative_normal\negative_normal_00288_p03.jpg,752
negative_edge_00289_p01.jpg,data\pages\negative_edge\negative_edge_00289_p01.jpg,753
negative_edge_00289_p02.jpg,data\pages\negative_edge\negative_edge_00289_p02.jpg,754
negative_normal_00290_p01.jpg,data\pages\negative_normal\negative_normal_00290_p01.jpg,755
negative_normal_00290_p02.jpg,data\pages\negative_normal\negative_normal_00290_p02.jpg,756
negative_normal_00290_p03.jpg,data\pages\negative_normal\negative_normal_00290_p03.jpg,757
negative_edge_00291_p01.jpg,data\pages\negative_edge\negative_edge_00291_p01.jpg,758
negative_edge_00291_p02.jpg,data\pages\negative_edge\negative_edge_00291_p02.jpg,759
negative_edge_00291_p03.jpg,data\pages\negative_edge\negative_edge_00291_p03.jpg,760
negative_normal_00292_p01.jpg,data\pages\negative_normal\negative_normal_00292_p01.jpg,761
negative_normal_00292_p02.jpg,data\pages\negative_normal\negative_normal_00292_p02.jpg,762
negative_edge_00293_p01.jpg,data\pages\negative_edge\negative_edge_00293_p01.jpg,763
negative_edge_00293_p02.jpg,data\pages\negative_edge\negative_edge_00293_p02.jpg,764
negative_normal_00294_p01.jpg,data\pages\negative_normal\negative_normal_00294_p01.jpg,765
negative_normal_00294_p02.jpg,data\pages\negative_normal\negative_normal_00294_p02.jpg,766
negative_normal_00294_p03.jpg,data\pages\negative_normal\negative_normal_00294_p03.jpg,767
negative_edge_00295_p01.jpg,data\pages\negative_edge\negative_edge_00295_p01.jpg,768
negative_edge_00295_p02.jpg,data\pages\negative_edge\negative_edge_00295_p02.jpg,769
negative_edge_00295_p03.jpg,data\pages\negative_edge\negative_edge_00295_p03.jpg,770
negative_normal_00296_p01.jpg,data\pages\negative_normal\negative_normal_00296_p01.jpg,771
negative_normal_00296_p02.jpg,data\pages\negative_normal\negative_normal_00296_p02.jpg,772
negative_normal_00296_p03.jpg,data\pages\negative_normal\negative_normal_00296_p03.jpg,773
negative_edge_00297_p01.jpg,data\pages\negative_edge\negative_edge_00297_p01.jpg,774
negative_edge_00297_p02.jpg,data\pages\negative_edge\negative_edge_00297_p02.jpg,775
negative_normal_00298_p01.jpg,data\pages\negative_normal\negative_normal_00298_p01.jpg,776
negative_normal_00298_p02.jpg,data\pages\negative_normal\negative_normal_00298_p02.jpg,777
negative_normal_00298_p03.jpg,data\pages\negative_normal\negative_normal_00298_p03.jpg,778
negative_edge_00299_p01.jpg,data\pages\negative_edge\negative_edge_00299_p01.jpg,779
negative_edge_00299_p02.jpg,data\pages\negative_edge\negative_edge_00299_p02.jpg,780
negative_edge_00299_p03.jpg,data\pages\negative_edge\negative_edge_00299_p03.jpg,781
negative_normal_00300_p01.jpg,data\pages\negative_normal\negative_normal_00300_p01.jpg,782
negative_normal_00300_p02.jpg,data\pages\negative_normal\negative_normal_00300_p02.jpg,783
negative_normal_00300_p03.jpg,data\pages\negative_normal\negative_normal_00300_p03.jpg,784
negative_edge_00301_p01.jpg,data\pages\negative_edge\negative_edge_00301_p01.jpg,785
negative_edge_00301_p02.jpg,data\pages\negative_edge\negative_edge_00301_p02.jpg,786
negative_edge_00301_p03.jpg,data\pages\negative_edge\negative_edge_00301_p03.jpg,787
negative_normal_00302_p01.jpg,data\pages\negative_normal\negative_normal_00302_p01.jpg,788
negative_normal_00302_p02.jpg,data\pages\negative_normal\negative_normal_00302_p02.jpg,789
negative_edge_00303_p01.jpg,data\pages\negative_edge\negative_edge_00303_p01.jpg,790
negative_edge_00303_p02.jpg,data\pages\negative_edge\negative_edge_00303_p02.jpg,791
negative_edge_00303_p03.jpg,data\pages\negative_edge\negative_edge_00303_p03.jpg,792
negative_normal_00304_p01.jpg,data\pages\negative_normal\negative_normal_00304_p01.jpg,793
negative_normal_00304_p02.jpg,data\pages\negative_normal\negative_normal_00304_p02.jpg,794
negative_edge_00305_p01.jpg,data\pages\negative_edge\negative_edge_00305_p01.jpg,795
negative_edge_00305_p02.jpg,data\pages\negative_edge\negative_edge_00305_p02.jpg,796
negative_edge_00305_p03.jpg,data\pages\negative_edge\negative_edge_00305_p03.jpg,797
negative_normal_00306_p01.jpg,data\pages\negative_normal\negative_normal_00306_p01.jpg,798
negative_normal_00306_p02.jpg,data\pages\negative_normal\negative_normal_00306_p02.jpg,799
negative_normal_00306_p03.jpg,data\pages\negative_normal\negative_normal_00306_p03.jpg,800
negative_edge_00307_p01.jpg,data\pages\negative_edge\negative_edge_00307_p01.jpg,801
negative_edge_00307_p02.jpg,data\pages\negative_edge\negative_edge_00307_p02.jpg,802
negative_edge_00307_p03.jpg,data\pages\negative_edge\negative_edge_00307_p03.jpg,803
negative_normal_00308_p01.jpg,data\pages\negative_normal\negative_normal_00308_p01.jpg,804
negative_normal_00308_p02.jpg,data\pages\negative_normal\negative_normal_00308_p02.jpg,805
negative_edge_00309_p01.jpg,data\pages\negative_edge\negative_edge_00309_p01.jpg,806
negative_edge_00309_p02.jpg,data\pages\negative_edge\negative_edge_00309_p02.jpg,807
negative_edge_00309_p03.jpg,data\pages\negative_edge\negative_edge_00309_p03.jpg,808
negative_normal_00310_p01.jpg,data\pages\negative_normal\negative_normal_00310_p01.jpg,809
negative_normal_00310_p02.jpg,data\pages\negative_normal\negative_normal_00310_p02.jpg,810
negative_normal_00310_p03.jpg,data\pages\negative_normal\negative_normal_00310_p03.jpg,811
negative_edge_00311_p01.jpg,data\pages\negative_edge\negative_edge_00311_p01.jpg,812
negative_edge_00311_p02.jpg,data\pages\negative_edge\negative_edge_00311_p02.jpg,813
negative_normal_00312_p01.jpg,data\pages\negative_normal\negative_normal_00312_p01.jpg,814
negative_normal_00312_p02.jpg,data\pages\negative_normal\negative_normal_00312_p02.jpg,815
negative_edge_00313_p01.jpg,data\pages\negative_edge\negative_edge_00313_p01.jpg,816
negative_edge_00313_p02.jpg,data\pages\negative_edge\negative_edge_00313_p02.jpg,817
negative_edge_00313_p03.jpg,data\pages\negative_edge\negative_edge_00313_p03.jpg,818
negative_normal_00314_p01.jpg,data\pages\negative_normal\negative_normal_00314_p01.jpg,819
negative_normal_00314_p02.jpg,data\pages\negative_normal\negative_normal_00314_p02.jpg,820
negative_normal_00314_p03.jpg,data\pages\negative_normal\negative_normal_00314_p03.jpg,821
negative_edge_00315_p01.jpg,data\pages\negative_edge\negative_edge_00315_p01.jpg,822
negative_edge_00315_p02.jpg,data\pages\negative_edge\negative_edge_00315_p02.jpg,823
negative_normal_00316_p01.jpg,data\pages\negative_normal\negative_normal_00316_p01.jpg,824
negative_normal_00316_p02.jpg,data\pages\negative_normal\negative_normal_00316_p02.jpg,825
negative_edge_00317_p01.jpg,data\pages\negative_edge\negative_edge_00317_p01.jpg,826
negative_edge_00317_p02.jpg,data\pages\negative_edge\negative_edge_00317_p02.jpg,827
negative_normal_00318_p01.jpg,data\pages\negative_normal\negative_normal_00318_p01.jpg,828
negative_normal_00318_p02.jpg,data\pages\negative_normal\negative_normal_00318_p02.jpg,829
negative_normal_00318_p03.jpg,data\pages\negative_normal\negative_normal_00318_p03.jpg,830
negative_edge_00319_p01.jpg,data\pages\negative_edge\negative_edge_00319_p01.jpg,831
negative_edge_00319_p02.jpg,data\pages\negative_edge\negative_edge_00319_p02.jpg,832
negative_normal_00320_p01.jpg,data\pages\negative_normal\negative_normal_00320_p01.jpg,833
negative_normal_00320_p02.jpg,data\pages\negative_normal\negative_normal_00320_p02.jpg,834
negative_normal_00320_p03.jpg,data\pages\negative_normal\negative_normal_00320_p03.jpg,835
negative_edge_00321_p01.jpg,data\pages\negative_edge\negative_edge_00321_p01.jpg,836
negative_edge_00321_p02.jpg,data\pages\negative_edge\negative_edge_00321_p02.jpg,837
negative_edge_00321_p03.jpg,data\pages\negative_edge\negative_edge_00321_p03.jpg,838
