filename,path,format,doc_type,page_count,image_page,contains_passport,is_edge_case,distortion,source_image
passport_normal_00000.docx,data\documents\docx\passport_normal\passport_normal_00000.docx,docx,passport_normal,2.0,1.0,1,0,gentle,aslessor_passport_0000.jpg
passport_edge_00001.pdf,data\documents\pdf\passport_edge\passport_edge_00001.pdf,pdf,passport_edge,2.0,1.0,1,1,rotated,aslessor_passport_0000.jpg
passport_normal_00002.pdf,data\documents\pdf\passport_normal\passport_normal_00002.pdf,pdf,passport_normal,2.0,2.0,1,0,gentle,aslessor_passport_0001.jpg
passport_edge_00003.docx,data\documents\docx\passport_edge\passport_edge_00003.docx,docx,passport_edge,2.0,2.0,1,1,photocopy,aslessor_passport_0001.jpg
passport_normal_00004.pdf,data\documents\pdf\passport_normal\passport_normal_00004.pdf,pdf,passport_normal,2.0,1.0,1,0,gentle,aslessor_passport_0002.jpg
passport_edge_00005.pdf,data\documents\pdf\passport_edge\passport_edge_00005.pdf,pdf,passport_edge,3.0,1.0,1,1,noise,aslessor_passport_0002.jpg
passport_normal_00006.pdf,data\documents\pdf\passport_normal\passport_normal_00006.pdf,pdf,passport_normal,3.0,2.0,1,0,gentle,aslessor_passport_0003.jpg
passport_edge_00007.pdf,data\documents\pdf\passport_edge\passport_edge_00007.pdf,pdf,passport_edge,4.0,3.0,1,1,pixelated,aslessor_passport_0003.jpg
passport_normal_00008.docx,data\documents\docx\passport_normal\passport_normal_00008.docx,docx,passport_normal,2.0,1.0,1,0,gentle,aslessor_passport_0004.jpg
passport_edge_00009.docx,data\documents\docx\passport_edge\passport_edge_00009.docx,docx,passport_edge,2.0,1.0,1,1,shadow,aslessor_passport_0004.jpg
passport_normal_00010.pdf,data\documents\pdf\passport_normal\passport_normal_00010.pdf,pdf,passport_normal,3.0,1.0,1,0,gentle,aslessor_passport_0005.jpg
passport_edge_00011.pdf,data\documents\pdf\passport_edge\passport_edge_00011.pdf,pdf,passport_edge,4.0,1.0,1,1,rotated,aslessor_passport_0005.jpg
passport_normal_00012.pdf,data\documents\pdf\passport_normal\passport_normal_00012.pdf,pdf,passport_normal,3.0,1.0,1,0,gentle,aslessor_passport_0006.jpg
passport_edge_00013.docx,data\documents\docx\passport_edge\passport_edge_00013.docx,docx,passport_edge,3.0,2.0,1,1,rotated,aslessor_passport_0006.jpg
passport_normal_00014.pdf,data\documents\pdf\passport_normal\passport_normal_00014.pdf,pdf,passport_normal,3.0,1.0,1,0,gentle,aslessor_passport_0007.jpg
passport_edge_00015.pdf,data\documents\pdf\passport_edge\passport_edge_00015.pdf,pdf,passport_edge,3.0,3.0,1,1,shadow,aslessor_passport_0007.jpg
passport_normal_00016.docx,data\documents\docx\passport_normal\passport_normal_00016.docx,docx,passport_normal,2.0,1.0,1,0,gentle,aslessor_passport_0008.jpg
passport_edge_00017.pdf,data\documents\pdf\passport_edge\passport_edge_00017.pdf,pdf,passport_edge,3.0,2.0,1,1,pixelated,aslessor_passport_0008.jpg
passport_normal_00018.docx,data\documents\docx\passport_normal\passport_normal_00018.docx,docx,passport_normal,2.0,2.0,1,0,gentle,aslessor_passport_0009.jpg
passport_edge_00019.docx,data\documents\docx\passport_edge\passport_edge_00019.docx,docx,passport_edge,3.0,1.0,1,1,rotated,aslessor_passport_0009.jpg
passport_normal_00020.pdf,data\documents\pdf\passport_normal\passport_normal_00020.pdf,pdf,passport_normal,2.0,2.0,1,0,gentle,aslessor_passport_0010.jpg
passport_edge_00021.pdf,data\documents\pdf\passport_edge\passport_edge_00021.pdf,pdf,passport_edge,2.0,1.0,1,1,blur,aslessor_passport_0010.jpg
passport_normal_00022.pdf,data\documents\pdf\passport_normal\passport_normal_00022.pdf,pdf,passport_normal,4.0,1.0,1,0,gentle,aslessor_passport_0011.jpg
passport_edge_00023.pdf,data\documents\pdf\passport_edge\passport_edge_00023.pdf,pdf,passport_edge,2.0,1.0,1,1,blur,aslessor_passport_0011.jpg
passport_normal_00024.pdf,data\documents\pdf\passport_normal\passport_normal_00024.pdf,pdf,passport_normal,4.0,3.0,1,0,gentle,aslessor_passport_0012.jpg
passport_edge_00025.pdf,data\documents\pdf\passport_edge\passport_edge_00025.pdf,pdf,passport_edge,2.0,2.0,1,1,shadow,aslessor_passport_0012.jpg
passport_normal_00026.pdf,data\documents\pdf\passport_normal\passport_normal_00026.pdf,pdf,passport_normal,2.0,1.0,1,0,gentle,aslessor_passport_0013.jpg
passport_edge_00027.pdf,data\documents\pdf\passport_edge\passport_edge_00027.pdf,pdf,passport_edge,2.0,2.0,1,1,rotated,aslessor_passport_0013.jpg
passport_normal_00028.docx,data\documents\docx\passport_normal\passport_normal_00028.docx,docx,passport_normal,3.0,2.0,1,0,gentle,aslessor_passport_0014.jpg
passport_edge_00029.pdf,data\documents\pdf\passport_edge\passport_edge_00029.pdf,pdf,passport_edge,4.0,4.0,1,1,shadow,aslessor_passport_0014.jpg
passport_normal_00030.pdf,data\documents\pdf\passport_normal\passport_normal_00030.pdf,pdf,passport_normal,2.0,1.0,1,0,gentle,aslessor_passport_0015.jpg
passport_edge_00031.pdf,data\documents\pdf\passport_edge\passport_edge_00031.pdf,pdf,passport_edge,4.0,3.0,1,1,shadow,aslessor_passport_0015.jpg
passport_normal_00032.docx,data\documents\docx\passport_normal\passport_normal_00032.docx,docx,passport_normal,3.0,2.0,1,0,none,aslessor_passport_0016.jpg
passport_edge_00033.pdf,data\documents\pdf\passport_edge\passport_edge_00033.pdf,pdf,passport_edge,4.0,2.0,1,1,noise,aslessor_passport_0016.jpg
passport_normal_00034.docx,data\documents\docx\passport_normal\passport_normal_00034.docx,docx,passport_normal,2.0,2.0,1,0,gentle,aslessor_passport_0017.jpg
passport_edge_00035.pdf,data\documents\pdf\passport_edge\passport_edge_00035.pdf,pdf,passport_edge,2.0,2.0,1,1,noise,aslessor_passport_0017.jpg
passport_normal_00036.pdf,data\documents\pdf\passport_normal\passport_normal_00036.pdf,pdf,passport_normal,3.0,2.0,1,0,gentle,aslessor_passport_0018.jpg
passport_edge_00037.docx,data\documents\docx\passport_edge\passport_edge_00037.docx,docx,passport_edge,2.0,1.0,1,1,photocopy,aslessor_passport_0018.jpg
passport_normal_00038.pdf,data\documents\pdf\passport_normal\passport_normal_00038.pdf,pdf,passport_normal,2.0,2.0,1,0,none,aslessor_passport_0019.jpg
passport_edge_00039.pdf,data\documents\pdf\passport_edge\passport_edge_00039.pdf,pdf,passport_edge,4.0,3.0,1,1,shadow,aslessor_passport_0019.jpg
passport_normal_00040.pdf,data\documents\pdf\passport_normal\passport_normal_00040.pdf,pdf,passport_normal,2.0,2.0,1,0,gentle,aslessor_passport_0020.jpg
passport_edge_00041.pdf,data\documents\pdf\passport_edge\passport_edge_00041.pdf,pdf,passport_edge,3.0,3.0,1,1,noise,aslessor_passport_0020.jpg
passport_normal_00042.pdf,data\documents\pdf\passport_normal\passport_normal_00042.pdf,pdf,passport_normal,3.0,3.0,1,0,none,aslessor_passport_0021.jpg
passport_edge_00043.pdf,data\documents\pdf\passport_edge\passport_edge_00043.pdf,pdf,passport_edge,2.0,2.0,1,1,pixelated,aslessor_passport_0021.jpg
passport_normal_00044.docx,data\documents\docx\passport_normal\passport_normal_00044.docx,docx,passport_normal,2.0,1.0,1,0,none,aslessor_passport_0022.jpg
passport_edge_00045.pdf,data\documents\pdf\passport_edge\passport_edge_00045.pdf,pdf,passport_edge,3.0,3.0,1,1,blur,aslessor_passport_0022.jpg
passport_normal_00046.docx,data\documents\docx\passport_normal\passport_normal_00046.docx,docx,passport_normal,2.0,1.0,1,0,gentle,aslessor_passport_0023.jpg
passport_edge_00047.docx,data\documents\docx\passport_edge\passport_edge_00047.docx,docx,passport_edge,2.0,2.0,1,1,pixelated,aslessor_passport_0023.jpg
passport_normal_00048.pdf,data\documents\pdf\passport_normal\passport_normal_00048.pdf,pdf,passport_normal,2.0,1.0,1,0,gentle,aslessor_passport_0024.jpg
passport_edge_00049.pdf,data\documents\pdf\passport_edge\passport_edge_00049.pdf,pdf,passport_edge,2.0,2.0,1,1,pixelated,aslessor_passport_0024.jpg
passport_normal_00050.pdf,data\documents\pdf\passport_normal\passport_normal_00050.pdf,pdf,passport_normal,2.0,2.0,1,0,gentle,aslessor_passport_0025.jpg
passport_edge_00051.pdf,data\documents\pdf\passport_edge\passport_edge_00051.pdf,pdf,passport_edge,2.0,2.0,1,1,pixelated,aslessor_passport_0025.jpg
passport_normal_00052.pdf,data\documents\pdf\passport_normal\passport_normal_00052.pdf,pdf,passport_normal,2.0,2.0,1,0,none,aslessor_passport_0026.jpg
passport_edge_00053.docx,data\documents\docx\passport_edge\passport_edge_00053.docx,docx,passport_edge,3.0,3.0,1,1,shadow,aslessor_passport_0026.jpg
passport_normal_00054.pdf,data\documents\pdf\passport_normal\passport_normal_00054.pdf,pdf,passport_normal,3.0,1.0,1,0,gentle,aslessor_passport_0027.jpg
passport_edge_00055.pdf,data\documents\pdf\passport_edge\passport_edge_00055.pdf,pdf,passport_edge,3.0,2.0,1,1,pixelated,aslessor_passport_0027.jpg
passport_normal_00056.docx,data\documents\docx\passport_normal\passport_normal_00056.docx,docx,passport_normal,2.0,1.0,1,0,gentle,aslessor_passport_0028.jpg
passport_edge_00057.pdf,data\documents\pdf\passport_edge\passport_edge_00057.pdf,pdf,passport_edge,4.0,1.0,1,1,blur,aslessor_passport_0028.jpg
passport_normal_00058.docx,data\documents\docx\passport_normal\passport_normal_00058.docx,docx,passport_normal,2.0,2.0,1,0,gentle,aslessor_passport_0029.jpg
passport_edge_00059.docx,data\documents\docx\passport_edge\passport_edge_00059.docx,docx,passport_edge,2.0,2.0,1,1,rotated,aslessor_passport_0029.jpg
passport_normal_00060.pdf,data\documents\pdf\passport_normal\passport_normal_00060.pdf,pdf,passport_normal,3.0,1.0,1,0,none,aslessor_passport_0030.jpg
passport_edge_00061.pdf,data\documents\pdf\passport_edge\passport_edge_00061.pdf,pdf,passport_edge,4.0,4.0,1,1,pixelated,aslessor_passport_0030.jpg
passport_normal_00062.pdf,data\documents\pdf\passport_normal\passport_normal_00062.pdf,pdf,passport_normal,3.0,3.0,1,0,none,aslessor_passport_0031.jpg
passport_edge_00063.pdf,data\documents\pdf\passport_edge\passport_edge_00063.pdf,pdf,passport_edge,3.0,1.0,1,1,photocopy,aslessor_passport_0031.jpg
passport_normal_00064.pdf,data\documents\pdf\passport_normal\passport_normal_00064.pdf,pdf,passport_normal,4.0,3.0,1,0,gentle,aslessor_passport_0032.jpg
passport_edge_00065.docx,data\documents\docx\passport_edge\passport_edge_00065.docx,docx,passport_edge,3.0,3.0,1,1,photocopy,aslessor_passport_0032.jpg
passport_normal_00066.docx,data\documents\docx\passport_normal\passport_normal_00066.docx,docx,passport_normal,3.0,1.0,1,0,none,aslessor_passport_0033.jpg
passport_edge_00067.pdf,data\documents\pdf\passport_edge\passport_edge_00067.pdf,pdf,passport_edge,4.0,1.0,1,1,rotated,aslessor_passport_0033.jpg
passport_normal_00068.docx,data\documents\docx\passport_normal\passport_normal_00068.docx,docx,passport_normal,2.0,1.0,1,0,none,aslessor_passport_0034.jpg
passport_edge_00069.pdf,data\documents\pdf\passport_edge\passport_edge_00069.pdf,pdf,passport_edge,4.0,2.0,1,1,photocopy,aslessor_passport_0034.jpg
passport_normal_00070.pdf,data\documents\pdf\passport_normal\passport_normal_00070.pdf,pdf,passport_normal,2.0,2.0,1,0,gentle,aslessor_passport_0035.jpg
passport_edge_00071.pdf,data\documents\pdf\passport_edge\passport_edge_00071.pdf,pdf,passport_edge,3.0,2.0,1,1,blur,aslessor_passport_0035.jpg
passport_normal_00072.pdf,data\documents\pdf\passport_normal\passport_normal_00072.pdf,pdf,passport_normal,2.0,1.0,1,0,none,aslessor_passport_0036.jpg
passport_edge_00073.pdf,data\documents\pdf\passport_edge\passport_edge_00073.pdf,pdf,passport_edge,3.0,1.0,1,1,blur,aslessor_passport_0036.jpg
passport_normal_00074.pdf,data\documents\pdf\passport_normal\passport_normal_00074.pdf,pdf,passport_normal,3.0,1.0,1,0,gentle,aslessor_passport_0037.jpg
passport_edge_00075.pdf,data\documents\pdf\passport_edge\passport_edge_00075.pdf,pdf,passport_edge,3.0,2.0,1,1,shadow,aslessor_passport_0037.jpg
passport_normal_00076.docx,data\documents\docx\passport_normal\passport_normal_00076.docx,docx,passport_normal,2.0,1.0,1,0,gentle,aslessor_passport_0038.jpg
passport_edge_00077.pdf,data\documents\pdf\passport_edge\passport_edge_00077.pdf,pdf,passport_edge,2.0,1.0,1,1,shadow,aslessor_passport_0038.jpg
passport_normal_00078.pdf,data\documents\pdf\passport_normal\passport_normal_00078.pdf,pdf,passport_normal,4.0,3.0,1,0,none,aslessor_passport_0039.jpg
passport_edge_00079.pdf,data\documents\pdf\passport_edge\passport_edge_00079.pdf,pdf,passport_edge,3.0,2.0,1,1,pixelated,aslessor_passport_0039.jpg
passport_normal_00080.docx,data\documents\docx\passport_normal\passport_normal_00080.docx,docx,passport_normal,2.0,1.0,1,0,gentle,aslessor_passport_0040.jpg
passport_edge_00081.pdf,data\documents\pdf\passport_edge\passport_edge_00081.pdf,pdf,passport_edge,2.0,2.0,1,1,photocopy,aslessor_passport_0040.jpg
passport_normal_00082.pdf,data\documents\pdf\passport_normal\passport_normal_00082.pdf,pdf,passport_normal,2.0,1.0,1,0,gentle,aslessor_passport_0041.jpg
passport_edge_00083.pdf,data\documents\pdf\passport_edge\passport_edge_00083.pdf,pdf,passport_edge,2.0,1.0,1,1,noise,aslessor_passport_0041.jpg
passport_normal_00084.pdf,data\documents\pdf\passport_normal\passport_normal_00084.pdf,pdf,passport_normal,2.0,2.0,1,0,gentle,aslessor_passport_0042.jpg
passport_edge_00085.docx,data\documents\docx\passport_edge\passport_edge_00085.docx,docx,passport_edge,2.0,1.0,1,1,pixelated,aslessor_passport_0042.jpg
passport_normal_00086.pdf,data\documents\pdf\passport_normal\passport_normal_00086.pdf,pdf,passport_normal,4.0,2.0,1,0,gentle,aslessor_passport_0043.jpg
passport_edge_00087.pdf,data\documents\pdf\passport_edge\passport_edge_00087.pdf,pdf,passport_edge,4.0,3.0,1,1,photocopy,aslessor_passport_0043.jpg
passport_normal_00088.docx,data\documents\docx\passport_normal\passport_normal_00088.docx,docx,passport_normal,2.0,1.0,1,0,gentle,aslessor_passport_0044.jpg
passport_edge_00089.pdf,data\documents\pdf\passport_edge\passport_edge_00089.pdf,pdf,passport_edge,3.0,3.0,1,1,shadow,aslessor_passport_0044.jpg
passport_normal_00090.pdf,data\documents\pdf\passport_normal\passport_normal_00090.pdf,pdf,passport_normal,2.0,2.0,1,0,none,aslessor_passport_0045.jpg
passport_edge_00091.pdf,data\documents\pdf\passport_edge\passport_edge_00091.pdf,pdf,passport_edge,3.0,3.0,1,1,rotated,aslessor_passport_0045.jpg
passport_normal_00092.pdf,data\documents\pdf\passport_normal\passport_normal_00092.pdf,pdf,passport_normal,4.0,4.0,1,0,gentle,aslessor_passport_0046.jpg
passport_edge_00093.pdf,data\documents\pdf\passport_edge\passport_edge_00093.pdf,pdf,passport_edge,3.0,1.0,1,1,rotated,aslessor_passport_0046.jpg
passport_normal_00094.docx,data\documents\docx\passport_normal\passport_normal_00094.docx,docx,passport_normal,2.0,2.0,1,0,gentle,aslessor_passport_0047.jpg
passport_edge_00095.pdf,data\documents\pdf\passport_edge\passport_edge_00095.pdf,pdf,passport_edge,4.0,3.0,1,1,rotated,aslessor_passport_0047.jpg
passport_normal_00096.pdf,data\documents\pdf\passport_normal\passport_normal_00096.pdf,pdf,passport_normal,2.0,2.0,1,0,gentle,aslessor_passport_0048.jpg
passport_edge_00097.pdf,data\documents\pdf\passport_edge\passport_edge_00097.pdf,pdf,passport_edge,2.0,1.0,1,1,photocopy,aslessor_passport_0048.jpg
passport_normal_00098.docx,data\documents\docx\passport_normal\passport_normal_00098.docx,docx,passport_normal,2.0,2.0,1,0,gentle,aslessor_passport_0049.jpg
passport_edge_00099.pdf,data\documents\pdf\passport_edge\passport_edge_00099.pdf,pdf,passport_edge,3.0,2.0,1,1,pixelated,aslessor_passport_0049.jpg
passport_normal_00100.docx,data\documents\docx\passport_normal\passport_normal_00100.docx,docx,passport_normal,2.0,1.0,1,0,gentle,aslessor_passport_0050.jpg
passport_edge_00101.pdf,data\documents\pdf\passport_edge\passport_edge_00101.pdf,pdf,passport_edge,3.0,3.0,1,1,shadow,aslessor_passport_0050.jpg
passport_normal_00102.pdf,data\documents\pdf\passport_normal\passport_normal_00102.pdf,pdf,passport_normal,2.0,1.0,1,0,gentle,aslessor_passport_0051.jpg
passport_edge_00103.pdf,data\documents\pdf\passport_edge\passport_edge_00103.pdf,pdf,passport_edge,4.0,4.0,1,1,rotated,aslessor_passport_0051.jpg
passport_normal_00104.pdf,data\documents\pdf\passport_normal\passport_normal_00104.pdf,pdf,passport_normal,2.0,2.0,1,0,gentle,aslessor_passport_0052.jpg
passport_edge_00105.pdf,data\documents\pdf\passport_edge\passport_edge_00105.pdf,pdf,passport_edge,4.0,4.0,1,1,pixelated,aslessor_passport_0052.jpg
passport_normal_00106.pdf,data\documents\pdf\passport_normal\passport_normal_00106.pdf,pdf,passport_normal,4.0,1.0,1,0,gentle,aslessor_passport_0053.jpg
passport_edge_00107.pdf,data\documents\pdf\passport_edge\passport_edge_00107.pdf,pdf,passport_edge,4.0,3.0,1,1,shadow,aslessor_passport_0053.jpg
passport_normal_00108.pdf,data\documents\pdf\passport_normal\passport_normal_00108.pdf,pdf,passport_normal,4.0,3.0,1,0,gentle,aslessor_passport_0054.jpg
passport_edge_00109.pdf,data\documents\pdf\passport_edge\passport_edge_00109.pdf,pdf,passport_edge,3.0,3.0,1,1,blur,aslessor_passport_0054.jpg
passport_normal_00110.docx,data\documents\docx\passport_normal\passport_normal_00110.docx,docx,passport_normal,2.0,1.0,1,0,gentle,aslessor_passport_0055.jpg
passport_edge_00111.docx,data\documents\docx\passport_edge\passport_edge_00111.docx,docx,passport_edge,2.0,2.0,1,1,shadow,aslessor_passport_0055.jpg
passport_normal_00112.pdf,data\documents\pdf\passport_normal\passport_normal_00112.pdf,pdf,passport_normal,3.0,2.0,1,0,gentle,aslessor_passport_0056.jpg
passport_edge_00113.pdf,data\documents\pdf\passport_edge\passport_edge_00113.pdf,pdf,passport_edge,2.0,2.0,1,1,photocopy,aslessor_passport_0056.jpg
passport_normal_00114.pdf,data\documents\pdf\passport_normal\passport_normal_00114.pdf,pdf,passport_normal,2.0,1.0,1,0,gentle,aslessor_passport_0057.jpg
passport_edge_00115.docx,data\documents\docx\passport_edge\passport_edge_00115.docx,docx,passport_edge,3.0,1.0,1,1,noise,aslessor_passport_0057.jpg
passport_normal_00116.pdf,data\documents\pdf\passport_normal\passport_normal_00116.pdf,pdf,passport_normal,3.0,2.0,1,0,gentle,aslessor_passport_0058.jpg
passport_edge_00117.pdf,data\documents\pdf\passport_edge\passport_edge_00117.pdf,pdf,passport_edge,2.0,2.0,1,1,rotated,aslessor_passport_0058.jpg
passport_normal_00118.pdf,data\documents\pdf\passport_normal\passport_normal_00118.pdf,pdf,passport_normal,2.0,2.0,1,0,gentle,aslessor_passport_0059.jpg
passport_edge_00119.pdf,data\documents\pdf\passport_edge\passport_edge_00119.pdf,pdf,passport_edge,2.0,2.0,1,1,shadow,aslessor_passport_0059.jpg
passport_normal_00120.pdf,data\documents\pdf\passport_normal\passport_normal_00120.pdf,pdf,passport_normal,4.0,2.0,1,0,gentle,aslessor_passport_0060.jpg
passport_edge_00121.pdf,data\documents\pdf\passport_edge\passport_edge_00121.pdf,pdf,passport_edge,2.0,2.0,1,1,blur,aslessor_passport_0060.jpg
passport_normal_00122.pdf,data\documents\pdf\passport_normal\passport_normal_00122.pdf,pdf,passport_normal,2.0,1.0,1,0,gentle,aslessor_passport_0061.jpg
passport_edge_00123.pdf,data\documents\pdf\passport_edge\passport_edge_00123.pdf,pdf,passport_edge,4.0,1.0,1,1,photocopy,aslessor_passport_0061.jpg
passport_normal_00124.pdf,data\documents\pdf\passport_normal\passport_normal_00124.pdf,pdf,passport_normal,2.0,2.0,1,0,gentle,aslessor_passport_0062.jpg
passport_edge_00125.pdf,data\documents\pdf\passport_edge\passport_edge_00125.pdf,pdf,passport_edge,3.0,2.0,1,1,noise,aslessor_passport_0062.jpg
passport_normal_00126.pdf,data\documents\pdf\passport_normal\passport_normal_00126.pdf,pdf,passport_normal,4.0,3.0,1,0,gentle,aslessor_passport_0063.jpg
passport_edge_00127.pdf,data\documents\pdf\passport_edge\passport_edge_00127.pdf,pdf,passport_edge,4.0,4.0,1,1,pixelated,aslessor_passport_0063.jpg
passport_normal_00128.pdf,data\documents\pdf\passport_normal\passport_normal_00128.pdf,pdf,passport_normal,4.0,2.0,1,0,none,aslessor_passport_0064.jpg
passport_edge_00129.docx,data\documents\docx\passport_edge\passport_edge_00129.docx,docx,passport_edge,3.0,2.0,1,1,photocopy,aslessor_passport_0064.jpg
passport_normal_00130.pdf,data\documents\pdf\passport_normal\passport_normal_00130.pdf,pdf,passport_normal,3.0,2.0,1,0,gentle,aslessor_passport_0065.jpg
passport_edge_00131.docx,data\documents\docx\passport_edge\passport_edge_00131.docx,docx,passport_edge,2.0,2.0,1,1,shadow,aslessor_passport_0065.jpg
passport_normal_00132.pdf,data\documents\pdf\passport_normal\passport_normal_00132.pdf,pdf,passport_normal,2.0,2.0,1,0,gentle,aslessor_passport_0066.jpg
passport_edge_00133.pdf,data\documents\pdf\passport_edge\passport_edge_00133.pdf,pdf,passport_edge,3.0,2.0,1,1,blur,aslessor_passport_0066.jpg
passport_normal_00134.pdf,data\documents\pdf\passport_normal\passport_normal_00134.pdf,pdf,passport_normal,3.0,1.0,1,0,gentle,aslessor_passport_0067.jpg
passport_edge_00135.pdf,data\documents\pdf\passport_edge\passport_edge_00135.pdf,pdf,passport_edge,4.0,2.0,1,1,noise,aslessor_passport_0067.jpg
passport_normal_00136.pdf,data\documents\pdf\passport_normal\passport_normal_00136.pdf,pdf,passport_normal,2.0,1.0,1,0,none,aslessor_passport_0068.jpg
passport_edge_00137.docx,data\documents\docx\passport_edge\passport_edge_00137.docx,docx,passport_edge,3.0,2.0,1,1,shadow,aslessor_passport_0068.jpg
passport_normal_00138.docx,data\documents\docx\passport_normal\passport_normal_00138.docx,docx,passport_normal,2.0,1.0,1,0,gentle,aslessor_passport_0069.jpg
passport_edge_00139.pdf,data\documents\pdf\passport_edge\passport_edge_00139.pdf,pdf,passport_edge,2.0,1.0,1,1,photocopy,aslessor_passport_0069.jpg
passport_normal_00140.pdf,data\documents\pdf\passport_normal\passport_normal_00140.pdf,pdf,passport_normal,4.0,3.0,1,0,gentle,aslessor_passport_0070.jpg
passport_edge_00141.pdf,data\documents\pdf\passport_edge\passport_edge_00141.pdf,pdf,passport_edge,3.0,2.0,1,1,shadow,aslessor_passport_0070.jpg
passport_normal_00142.pdf,data\documents\pdf\passport_normal\passport_normal_00142.pdf,pdf,passport_normal,2.0,2.0,1,0,gentle,aslessor_passport_0071.jpg
passport_edge_00143.pdf,data\documents\pdf\passport_edge\passport_edge_00143.pdf,pdf,passport_edge,3.0,2.0,1,1,pixelated,aslessor_passport_0071.jpg
passport_normal_00144.pdf,data\documents\pdf\passport_normal\passport_normal_00144.pdf,pdf,passport_normal,2.0,2.0,1,0,none,aslessor_passport_0072.jpg
passport_edge_00145.pdf,data\documents\pdf\passport_edge\passport_edge_00145.pdf,pdf,passport_edge,4.0,1.0,1,1,shadow,aslessor_passport_0072.jpg
passport_normal_00146.pdf,data\documents\pdf\passport_normal\passport_normal_00146.pdf,pdf,passport_normal,2.0,2.0,1,0,gentle,aslessor_passport_0073.jpg
passport_edge_00147.pdf,data\documents\pdf\passport_edge\passport_edge_00147.pdf,pdf,passport_edge,4.0,2.0,1,1,blur,aslessor_passport_0073.jpg
passport_normal_00148.pdf,data\documents\pdf\passport_normal\passport_normal_00148.pdf,pdf,passport_normal,3.0,2.0,1,0,none,aslessor_passport_0074.jpg
passport_edge_00149.pdf,data\documents\pdf\passport_edge\passport_edge_00149.pdf,pdf,passport_edge,4.0,4.0,1,1,blur,aslessor_passport_0074.jpg
passport_normal_00150.pdf,data\documents\pdf\passport_normal\passport_normal_00150.pdf,pdf,passport_normal,3.0,1.0,1,0,gentle,aslessor_passport_0075.jpg
passport_edge_00151.pdf,data\documents\pdf\passport_edge\passport_edge_00151.pdf,pdf,passport_edge,2.0,2.0,1,1,photocopy,aslessor_passport_0075.jpg
passport_normal_00152.pdf,data\documents\pdf\passport_normal\passport_normal_00152.pdf,pdf,passport_normal,2.0,1.0,1,0,gentle,aslessor_passport_0076.jpg
passport_edge_00153.docx,data\documents\docx\passport_edge\passport_edge_00153.docx,docx,passport_edge,3.0,3.0,1,1,shadow,aslessor_passport_0076.jpg
passport_normal_00154.pdf,data\documents\pdf\passport_normal\passport_normal_00154.pdf,pdf,passport_normal,3.0,1.0,1,0,gentle,aslessor_passport_0077.jpg
passport_edge_00155.pdf,data\documents\pdf\passport_edge\passport_edge_00155.pdf,pdf,passport_edge,3.0,2.0,1,1,photocopy,aslessor_passport_0077.jpg
passport_normal_00156.docx,data\documents\docx\passport_normal\passport_normal_00156.docx,docx,passport_normal,3.0,2.0,1,0,gentle,aslessor_passport_0078.jpg
passport_edge_00157.docx,data\documents\docx\passport_edge\passport_edge_00157.docx,docx,passport_edge,2.0,1.0,1,1,shadow,aslessor_passport_0078.jpg
passport_normal_00158.pdf,data\documents\pdf\passport_normal\passport_normal_00158.pdf,pdf,passport_normal,3.0,2.0,1,0,gentle,aslessor_passport_0079.jpg
passport_edge_00159.pdf,data\documents\pdf\passport_edge\passport_edge_00159.pdf,pdf,passport_edge,3.0,1.0,1,1,blur,aslessor_passport_0079.jpg
passport_normal_00160.docx,data\documents\docx\passport_normal\passport_normal_00160.docx,docx,passport_normal,2.0,1.0,1,0,none,aslessor_passport_0080.jpg
passport_edge_00161.docx,data\documents\docx\passport_edge\passport_edge_00161.docx,docx,passport_edge,2.0,1.0,1,1,blur,aslessor_passport_0080.jpg
passport_normal_00162.pdf,data\documents\pdf\passport_normal\passport_normal_00162.pdf,pdf,passport_normal,2.0,1.0,1,0,gentle,aslessor_passport_0081.jpg
passport_edge_00163.pdf,data\documents\pdf\passport_edge\passport_edge_00163.pdf,pdf,passport_edge,4.0,1.0,1,1,photocopy,aslessor_passport_0081.jpg
passport_normal_00164.docx,data\documents\docx\passport_normal\passport_normal_00164.docx,docx,passport_normal,2.0,1.0,1,0,gentle,aslessor_passport_0082.jpg
passport_edge_00165.docx,data\documents\docx\passport_edge\passport_edge_00165.docx,docx,passport_edge,2.0,1.0,1,1,photocopy,aslessor_passport_0082.jpg
passport_normal_00166.docx,data\documents\docx\passport_normal\passport_normal_00166.docx,docx,passport_normal,3.0,1.0,1,0,gentle,aslessor_passport_0083.jpg
passport_edge_00167.docx,data\documents\docx\passport_edge\passport_edge_00167.docx,docx,passport_edge,2.0,2.0,1,1,shadow,aslessor_passport_0083.jpg
passport_normal_00168.pdf,data\documents\pdf\passport_normal\passport_normal_00168.pdf,pdf,passport_normal,2.0,2.0,1,0,gentle,aslessor_passport_0084.jpg
passport_edge_00169.pdf,data\documents\pdf\passport_edge\passport_edge_00169.pdf,pdf,passport_edge,3.0,1.0,1,1,noise,aslessor_passport_0084.jpg
passport_normal_00170.pdf,data\documents\pdf\passport_normal\passport_normal_00170.pdf,pdf,passport_normal,2.0,1.0,1,0,gentle,aslessor_passport_0085.jpg
passport_edge_00171.pdf,data\documents\pdf\passport_edge\passport_edge_00171.pdf,pdf,passport_edge,3.0,3.0,1,1,shadow,aslessor_passport_0085.jpg
passport_normal_00172.docx,data\documents\docx\passport_normal\passport_normal_00172.docx,docx,passport_normal,2.0,2.0,1,0,gentle,aslessor_passport_0086.jpg
passport_edge_00173.docx,data\documents\docx\passport_edge\passport_edge_00173.docx,docx,passport_edge,2.0,1.0,1,1,photocopy,aslessor_passport_0086.jpg
passport_normal_00174.pdf,data\documents\pdf\passport_normal\passport_normal_00174.pdf,pdf,passport_normal,4.0,1.0,1,0,none,aslessor_passport_0087.jpg
passport_edge_00175.pdf,data\documents\pdf\passport_edge\passport_edge_00175.pdf,pdf,passport_edge,3.0,1.0,1,1,pixelated,aslessor_passport_0087.jpg
passport_normal_00176.pdf,data\documents\pdf\passport_normal\passport_normal_00176.pdf,pdf,passport_normal,2.0,2.0,1,0,gentle,aslessor_passport_0088.jpg
passport_edge_00177.docx,data\documents\docx\passport_edge\passport_edge_00177.docx,docx,passport_edge,2.0,1.0,1,1,pixelated,aslessor_passport_0088.jpg
passport_normal_00178.pdf,data\documents\pdf\passport_normal\passport_normal_00178.pdf,pdf,passport_normal,4.0,3.0,1,0,gentle,aslessor_passport_0089.jpg
passport_edge_00179.pdf,data\documents\pdf\passport_edge\passport_edge_00179.pdf,pdf,passport_edge,4.0,4.0,1,1,shadow,aslessor_passport_0089.jpg
passport_normal_00180.pdf,data\documents\pdf\passport_normal\passport_normal_00180.pdf,pdf,passport_normal,4.0,1.0,1,0,gentle,aslessor_passport_0090.jpg
passport_edge_00181.docx,data\documents\docx\passport_edge\passport_edge_00181.docx,docx,passport_edge,3.0,3.0,1,1,pixelated,aslessor_passport_0090.jpg
passport_normal_00182.pdf,data\documents\pdf\passport_normal\passport_normal_00182.pdf,pdf,passport_normal,3.0,1.0,1,0,gentle,aslessor_passport_0091.jpg
passport_edge_00183.pdf,data\documents\pdf\passport_edge\passport_edge_00183.pdf,pdf,passport_edge,3.0,3.0,1,1,blur,aslessor_passport_0091.jpg
passport_normal_00184.pdf,data\documents\pdf\passport_normal\passport_normal_00184.pdf,pdf,passport_normal,3.0,1.0,1,0,none,aslessor_passport_0092.jpg
passport_edge_00185.docx,data\documents\docx\passport_edge\passport_edge_00185.docx,docx,passport_edge,2.0,2.0,1,1,blur,aslessor_passport_0092.jpg
passport_normal_00186.pdf,data\documents\pdf\passport_normal\passport_normal_00186.pdf,pdf,passport_normal,4.0,3.0,1,0,gentle,aslessor_passport_0093.jpg
passport_edge_00187.pdf,data\documents\pdf\passport_edge\passport_edge_00187.pdf,pdf,passport_edge,4.0,1.0,1,1,rotated,aslessor_passport_0093.jpg
passport_normal_00188.docx,data\documents\docx\passport_normal\passport_normal_00188.docx,docx,passport_normal,2.0,1.0,1,0,gentle,aslessor_passport_0094.jpg
passport_edge_00189.pdf,data\documents\pdf\passport_edge\passport_edge_00189.pdf,pdf,passport_edge,3.0,2.0,1,1,noise,aslessor_passport_0094.jpg
passport_normal_00190.docx,data\documents\docx\passport_normal\passport_normal_00190.docx,docx,passport_normal,3.0,2.0,1,0,gentle,aslessor_passport_0095.jpg
passport_edge_00191.pdf,data\documents\pdf\passport_edge\passport_edge_00191.pdf,pdf,passport_edge,4.0,2.0,1,1,noise,aslessor_passport_0095.jpg
passport_normal_00192.pdf,data\documents\pdf\passport_normal\passport_normal_00192.pdf,pdf,passport_normal,4.0,1.0,1,0,gentle,aslessor_passport_0096.jpg
passport_edge_00193.pdf,data\documents\pdf\passport_edge\passport_edge_00193.pdf,pdf,passport_edge,2.0,2.0,1,1,shadow,aslessor_passport_0096.jpg
passport_normal_00194.pdf,data\documents\pdf\passport_normal\passport_normal_00194.pdf,pdf,passport_normal,2.0,2.0,1,0,gentle,aslessor_passport_0097.jpg
passport_edge_00195.docx,data\documents\docx\passport_edge\passport_edge_00195.docx,docx,passport_edge,2.0,2.0,1,1,pixelated,aslessor_passport_0097.jpg
passport_normal_00196.pdf,data\documents\pdf\passport_normal\passport_normal_00196.pdf,pdf,passport_normal,4.0,1.0,1,0,gentle,aslessor_passport_0098.jpg
passport_edge_00197.pdf,data\documents\pdf\passport_edge\passport_edge_00197.pdf,pdf,passport_edge,2.0,1.0,1,1,blur,aslessor_passport_0098.jpg
passport_normal_00198.pdf,data\documents\pdf\passport_normal\passport_normal_00198.pdf,pdf,passport_normal,4.0,3.0,1,0,gentle,aslessor_passport_0099.jpg
passport_edge_00199.pdf,data\documents\pdf\passport_edge\passport_edge_00199.pdf,pdf,passport_edge,3.0,3.0,1,1,noise,aslessor_passport_0099.jpg
passport_normal_00200.pdf,data\documents\pdf\passport_normal\passport_normal_00200.pdf,pdf,passport_normal,2.0,2.0,1,0,gentle,uniquedata_passport_0000.jpg
passport_edge_00201.pdf,data\documents\pdf\passport_edge\passport_edge_00201.pdf,pdf,passport_edge,2.0,1.0,1,1,rotated,uniquedata_passport_0000.jpg
passport_normal_00202.pdf,data\documents\pdf\passport_normal\passport_normal_00202.pdf,pdf,passport_normal,4.0,4.0,1,0,gentle,uniquedata_passport_0001.jpg
passport_edge_00203.docx,data\documents\docx\passport_edge\passport_edge_00203.docx,docx,passport_edge,3.0,2.0,1,1,photocopy,uniquedata_passport_0001.jpg
passport_normal_00204.pdf,data\documents\pdf\passport_normal\passport_normal_00204.pdf,pdf,passport_normal,3.0,3.0,1,0,gentle,uniquedata_passport_0002.jpg
passport_edge_00205.pdf,data\documents\pdf\passport_edge\passport_edge_00205.pdf,pdf,passport_edge,3.0,2.0,1,1,blur,uniquedata_passport_0002.jpg
passport_normal_00206.pdf,data\documents\pdf\passport_normal\passport_normal_00206.pdf,pdf,passport_normal,2.0,2.0,1,0,none,uniquedata_passport_0003.jpg
passport_edge_00207.pdf,data\documents\pdf\passport_edge\passport_edge_00207.pdf,pdf,passport_edge,3.0,2.0,1,1,rotated,uniquedata_passport_0003.jpg
passport_normal_00208.pdf,data\documents\pdf\passport_normal\passport_normal_00208.pdf,pdf,passport_normal,3.0,2.0,1,0,gentle,uniquedata_passport_0004.jpg
passport_edge_00209.pdf,data\documents\pdf\passport_edge\passport_edge_00209.pdf,pdf,passport_edge,4.0,3.0,1,1,pixelated,uniquedata_passport_0004.jpg
passport_normal_00210.docx,data\documents\docx\passport_normal\passport_normal_00210.docx,docx,passport_normal,3.0,2.0,1,0,gentle,uniquedata_passport_0005.jpg
passport_edge_00211.pdf,data\documents\pdf\passport_edge\passport_edge_00211.pdf,pdf,passport_edge,3.0,3.0,1,1,blur,uniquedata_passport_0005.jpg
passport_normal_00212.pdf,data\documents\pdf\passport_normal\passport_normal_00212.pdf,pdf,passport_normal,2.0,1.0,1,0,none,uniquedata_passport_0006.jpg
passport_edge_00213.docx,data\documents\docx\passport_edge\passport_edge_00213.docx,docx,passport_edge,4.0,2.0,1,1,photocopy,uniquedata_passport_0006.jpg
passport_normal_00214.pdf,data\documents\pdf\passport_normal\passport_normal_00214.pdf,pdf,passport_normal,3.0,1.0,1,0,gentle,uniquedata_passport_0007.jpg
passport_edge_00215.pdf,data\documents\pdf\passport_edge\passport_edge_00215.pdf,pdf,passport_edge,3.0,2.0,1,1,photocopy,uniquedata_passport_0007.jpg
passport_normal_00216.pdf,data\documents\pdf\passport_normal\passport_normal_00216.pdf,pdf,passport_normal,3.0,1.0,1,0,gentle,uniquedata_passport_0008.jpg
passport_edge_00217.pdf,data\documents\pdf\passport_edge\passport_edge_00217.pdf,pdf,passport_edge,4.0,2.0,1,1,noise,uniquedata_passport_0008.jpg
passport_normal_00218.pdf,data\documents\pdf\passport_normal\passport_normal_00218.pdf,pdf,passport_normal,4.0,2.0,1,0,gentle,uniquedata_passport_0009.jpg
passport_edge_00219.pdf,data\documents\pdf\passport_edge\passport_edge_00219.pdf,pdf,passport_edge,4.0,1.0,1,1,shadow,uniquedata_passport_0009.jpg
passport_normal_00220.pdf,data\documents\pdf\passport_normal\passport_normal_00220.pdf,pdf,passport_normal,2.0,2.0,1,0,gentle,uniquedata_passport_0010.jpg
passport_edge_00221.docx,data\documents\docx\passport_edge\passport_edge_00221.docx,docx,passport_edge,3.0,2.0,1,1,noise,uniquedata_passport_0010.jpg
passport_normal_00222.pdf,data\documents\pdf\passport_normal\passport_normal_00222.pdf,pdf,passport_normal,4.0,1.0,1,0,gentle,uniquedata_passport_0011.jpg
passport_edge_00223.pdf,data\documents\pdf\passport_edge\passport_edge_00223.pdf,pdf,passport_edge,2.0,1.0,1,1,pixelated,uniquedata_passport_0011.jpg
passport_normal_00224.pdf,data\documents\pdf\passport_normal\passport_normal_00224.pdf,pdf,passport_normal,4.0,3.0,1,0,gentle,uniquedata_passport_0012.jpg
passport_edge_00225.pdf,data\documents\pdf\passport_edge\passport_edge_00225.pdf,pdf,passport_edge,2.0,1.0,1,1,rotated,uniquedata_passport_0012.jpg
passport_normal_00226.pdf,data\documents\pdf\passport_normal\passport_normal_00226.pdf,pdf,passport_normal,3.0,3.0,1,0,gentle,uniquedata_passport_0013.jpg
passport_edge_00227.docx,data\documents\docx\passport_edge\passport_edge_00227.docx,docx,passport_edge,3.0,2.0,1,1,pixelated,uniquedata_passport_0013.jpg
passport_normal_00228.pdf,data\documents\pdf\passport_normal\passport_normal_00228.pdf,pdf,passport_normal,4.0,3.0,1,0,none,uniquedata_passport_0014.jpg
passport_edge_00229.pdf,data\documents\pdf\passport_edge\passport_edge_00229.pdf,pdf,passport_edge,3.0,1.0,1,1,blur,uniquedata_passport_0014.jpg
passport_normal_00230.pdf,data\documents\pdf\passport_normal\passport_normal_00230.pdf,pdf,passport_normal,2.0,2.0,1,0,gentle,uniquedata_passport_0015.jpg
passport_edge_00231.docx,data\documents\docx\passport_edge\passport_edge_00231.docx,docx,passport_edge,2.0,2.0,1,1,rotated,uniquedata_passport_0015.jpg
passport_normal_00232.pdf,data\documents\pdf\passport_normal\passport_normal_00232.pdf,pdf,passport_normal,4.0,3.0,1,0,gentle,uniquedata_passport_0016.jpg
passport_edge_00233.pdf,data\documents\pdf\passport_edge\passport_edge_00233.pdf,pdf,passport_edge,4.0,4.0,1,1,photocopy,uniquedata_passport_0016.jpg
passport_normal_00234.pdf,data\documents\pdf\passport_normal\passport_normal_00234.pdf,pdf,passport_normal,3.0,2.0,1,0,gentle,uniquedata_passport_0017.jpg
passport_edge_00235.pdf,data\documents\pdf\passport_edge\passport_edge_00235.pdf,pdf,passport_edge,3.0,2.0,1,1,shadow,uniquedata_passport_0017.jpg
passport_normal_00236.pdf,data\documents\pdf\passport_normal\passport_normal_00236.pdf,pdf,passport_normal,2.0,1.0,1,0,gentle,uniquedata_passport_0018.jpg
passport_edge_00237.pdf,data\documents\pdf\passport_edge\passport_edge_00237.pdf,pdf,passport_edge,4.0,3.0,1,1,noise,uniquedata_passport_0018.jpg
passport_normal_00238.docx,data\documents\docx\passport_normal\passport_normal_00238.docx,docx,passport_normal,3.0,2.0,1,0,gentle,uniquedata_passport_0019.jpg
passport_edge_00239.pdf,data\documents\pdf\passport_edge\passport_edge_00239.pdf,pdf,passport_edge,3.0,3.0,1,1,pixelated,uniquedata_passport_0019.jpg
passport_normal_00240.pdf,data\documents\pdf\passport_normal\passport_normal_00240.pdf,pdf,passport_normal,3.0,1.0,1,0,gentle,uniquedata_passport_0020.jpg
passport_edge_00241.pdf,data\documents\pdf\passport_edge\passport_edge_00241.pdf,pdf,passport_edge,4.0,4.0,1,1,shadow,uniquedata_passport_0020.jpg
passport_normal_00242.pdf,data\documents\pdf\passport_normal\passport_normal_00242.pdf,pdf,passport_normal,3.0,3.0,1,0,none,uniquedata_passport_0021.jpg
passport_edge_00243.pdf,data\documents\pdf\passport_edge\passport_edge_00243.pdf,pdf,passport_edge,3.0,1.0,1,1,noise,uniquedata_passport_0021.jpg
negative_normal_00244.docx,data\documents\docx\negative_normal\negative_normal_00244.docx,docx,negative_normal,3.0,2.0,0,0,gentle,0.jpg
negative_edge_00245.pdf,data\documents\pdf\negative_edge\negative_edge_00245.pdf,pdf,negative_edge,4.0,4.0,0,1,rotated,0.jpg
negative_normal_00246.pdf,data\documents\pdf\negative_normal\negative_normal_00246.pdf,pdf,negative_normal,4.0,2.0,0,0,gentle,1.jpg
negative_edge_00247.pdf,data\documents\pdf\negative_edge\negative_edge_00247.pdf,pdf,negative_edge,2.0,2.0,0,1,shadow,1.jpg
negative_normal_00248.docx,data\documents\docx\negative_normal\negative_normal_00248.docx,docx,negative_normal,3.0,1.0,0,0,gentle,10.jpg
negative_edge_00249.pdf,data\documents\pdf\negative_edge\negative_edge_00249.pdf,pdf,negative_edge,3.0,3.0,0,1,rotated,10.jpg
negative_normal_00250.docx,data\documents\docx\negative_normal\negative_normal_00250.docx,docx,negative_normal,2.0,2.0,0,0,gentle,11.jpg
negative_edge_00251.pdf,data\documents\pdf\negative_edge\negative_edge_00251.pdf,pdf,negative_edge,2.0,2.0,0,1,blur,11.jpg
negative_normal_00252.docx,data\documents\docx\negative_normal\negative_normal_00252.docx,docx,negative_normal,4.0,3.0,0,0,gentle,12.jpg
negative_edge_00253.pdf,data\documents\pdf\negative_edge\negative_edge_00253.pdf,pdf,negative_edge,4.0,2.0,0,1,noise,12.jpg
negative_normal_00254.pdf,data\documents\pdf\negative_normal\negative_normal_00254.pdf,pdf,negative_normal,2.0,1.0,0,0,none,13.jpg
negative_edge_00255.pdf,data\documents\pdf\negative_edge\negative_edge_00255.pdf,pdf,negative_edge,3.0,2.0,0,1,blur,13.jpg
negative_normal_00256.docx,data\documents\docx\negative_normal\negative_normal_00256.docx,docx,negative_normal,3.0,2.0,0,0,gentle,14.jpg
negative_edge_00257.pdf,data\documents\pdf\negative_edge\negative_edge_00257.pdf,pdf,negative_edge,4.0,3.0,0,1,shadow,14.jpg
negative_normal_00258.pdf,data\documents\pdf\negative_normal\negative_normal_00258.pdf,pdf,negative_normal,2.0,2.0,0,0,gentle,15.jpg
negative_edge_00259.pdf,data\documents\pdf\negative_edge\negative_edge_00259.pdf,pdf,negative_edge,2.0,1.0,0,1,noise,15.jpg
negative_normal_00260.docx,data\documents\docx\negative_normal\negative_normal_00260.docx,docx,negative_normal,3.0,2.0,0,0,gentle,16.jpg
negative_edge_00261.docx,data\documents\docx\negative_edge\negative_edge_00261.docx,docx,negative_edge,3.0,2.0,0,1,shadow,16.jpg
negative_normal_00262.docx,data\documents\docx\negative_normal\negative_normal_00262.docx,docx,negative_normal,3.0,2.0,0,0,gentle,17.jpg
negative_edge_00263.pdf,data\documents\pdf\negative_edge\negative_edge_00263.pdf,pdf,negative_edge,3.0,3.0,0,1,rotated,17.jpg
negative_normal_00264.docx,data\documents\docx\negative_normal\negative_normal_00264.docx,docx,negative_normal,3.0,3.0,0,0,gentle,18.jpg
negative_edge_00265.pdf,data\documents\pdf\negative_edge\negative_edge_00265.pdf,pdf,negative_edge,3.0,1.0,0,1,pixelated,18.jpg
negative_normal_00266.docx,data\documents\docx\negative_normal\negative_normal_00266.docx,docx,negative_normal,2.0,2.0,0,0,gentle,19.jpg
negative_edge_00267.pdf,data\documents\pdf\negative_edge\negative_edge_00267.pdf,pdf,negative_edge,4.0,3.0,0,1,shadow,19.jpg
negative_normal_00268.pdf,data\documents\pdf\negative_normal\negative_normal_00268.pdf,pdf,negative_normal,4.0,1.0,0,0,gentle,2.jpg
negative_edge_00269.pdf,data\documents\pdf\negative_edge\negative_edge_00269.pdf,pdf,negative_edge,2.0,1.0,0,1,noise,2.jpg
negative_normal_00270.pdf,data\documents\pdf\negative_normal\negative_normal_00270.pdf,pdf,negative_normal,4.0,3.0,0,0,gentle,3.jpg
negative_edge_00271.pdf,data\documents\pdf\negative_edge\negative_edge_00271.pdf,pdf,negative_edge,2.0,1.0,0,1,rotated,3.jpg
negative_normal_00272.pdf,data\documents\pdf\negative_normal\negative_normal_00272.pdf,pdf,negative_normal,2.0,1.0,0,0,gentle,4.jpg
negative_edge_00273.docx,data\documents\docx\negative_edge\negative_edge_00273.docx,docx,negative_edge,3.0,2.0,0,1,rotated,4.jpg
negative_normal_00274.docx,data\documents\docx\negative_normal\negative_normal_00274.docx,docx,negative_normal,3.0,2.0,0,0,gentle,5.jpg
negative_edge_00275.pdf,data\documents\pdf\negative_edge\negative_edge_00275.pdf,pdf,negative_edge,3.0,2.0,0,1,pixelated,5.jpg
negative_normal_00276.pdf,data\documents\pdf\negative_normal\negative_normal_00276.pdf,pdf,negative_normal,2.0,2.0,0,0,gentle,6.jpg
negative_edge_00277.docx,data\documents\docx\negative_edge\negative_edge_00277.docx,docx,negative_edge,3.0,2.0,0,1,pixelated,6.jpg
negative_normal_00278.docx,data\documents\docx\negative_normal\negative_normal_00278.docx,docx,negative_normal,4.0,2.0,0,0,gentle,7.jpg
negative_edge_00279.pdf,data\documents\pdf\negative_edge\negative_edge_00279.pdf,pdf,negative_edge,3.0,1.0,0,1,rotated,7.jpg
negative_normal_00280.pdf,data\documents\pdf\negative_normal\negative_normal_00280.pdf,pdf,negative_normal,4.0,4.0,0,0,gentle,8.jpg
negative_edge_00281.docx,data\documents\docx\negative_edge\negative_edge_00281.docx,docx,negative_edge,4.0,2.0,0,1,shadow,8.jpg
negative_normal_00282.pdf,data\documents\pdf\negative_normal\negative_normal_00282.pdf,pdf,negative_normal,4.0,4.0,0,0,gentle,9.jpg
negative_edge_00283.docx,data\documents\docx\negative_edge\negative_edge_00283.docx,docx,negative_edge,3.0,2.0,0,1,photocopy,9.jpg
negative_normal_00284.pdf,data\documents\pdf\negative_normal\negative_normal_00284.pdf,pdf,negative_normal,2.0,2.0,0,0,none,0.jpg
negative_edge_00285.pdf,data\documents\pdf\negative_edge\negative_edge_00285.pdf,pdf,negative_edge,3.0,2.0,0,1,photocopy,0.jpg
negative_normal_00286.pdf,data\documents\pdf\negative_normal\negative_normal_00286.pdf,pdf,negative_normal,4.0,3.0,0,0,gentle,1.jpg
negative_edge_00287.pdf,data\documents\pdf\negative_edge\negative_edge_00287.pdf,pdf,negative_edge,3.0,3.0,0,1,noise,1.jpg
negative_normal_00288.pdf,data\documents\pdf\negative_normal\negative_normal_00288.pdf,pdf,negative_normal,3.0,2.0,0,0,none,10.jpg
negative_edge_00289.pdf,data\documents\pdf\negative_edge\negative_edge_00289.pdf,pdf,negative_edge,2.0,2.0,0,1,pixelated,10.jpg
negative_normal_00290.docx,data\documents\docx\negative_normal\negative_normal_00290.docx,docx,negative_normal,4.0,2.0,0,0,gentle,11.jpg
negative_edge_00291.pdf,data\documents\pdf\negative_edge\negative_edge_00291.pdf,pdf,negative_edge,4.0,3.0,0,1,photocopy,11.jpg
negative_normal_00292.pdf,data\documents\pdf\negative_normal\negative_normal_00292.pdf,pdf,negative_normal,2.0,2.0,0,0,gentle,12.jpg
negative_edge_00293.pdf,data\documents\pdf\negative_edge\negative_edge_00293.pdf,pdf,negative_edge,2.0,2.0,0,1,photocopy,12.jpg
negative_normal_00294.pdf,data\documents\pdf\negative_normal\negative_normal_00294.pdf,pdf,negative_normal,4.0,1.0,0,0,none,13.jpg
negative_edge_00295.pdf,data\documents\pdf\negative_edge\negative_edge_00295.pdf,pdf,negative_edge,3.0,3.0,0,1,photocopy,13.jpg
negative_normal_00296.pdf,data\documents\pdf\negative_normal\negative_normal_00296.pdf,pdf,negative_normal,3.0,2.0,0,0,none,14.jpg
negative_edge_00297.pdf,data\documents\pdf\negative_edge\negative_edge_00297.pdf,pdf,negative_edge,2.0,1.0,0,1,pixelated,14.jpg
negative_normal_00298.docx,data\documents\docx\negative_normal\negative_normal_00298.docx,docx,negative_normal,4.0,3.0,0,0,none,15.jpg
negative_edge_00299.pdf,data\documents\pdf\negative_edge\negative_edge_00299.pdf,pdf,negative_edge,3.0,3.0,0,1,shadow,15.jpg
negative_normal_00300.pdf,data\documents\pdf\negative_normal\negative_normal_00300.pdf,pdf,negative_normal,4.0,1.0,0,0,gentle,16.jpg
negative_edge_00301.pdf,data\documents\pdf\negative_edge\negative_edge_00301.pdf,pdf,negative_edge,3.0,1.0,0,1,photocopy,16.jpg
negative_normal_00302.pdf,data\documents\pdf\negative_normal\negative_normal_00302.pdf,pdf,negative_normal,2.0,2.0,0,0,gentle,17.jpg
negative_edge_00303.docx,data\documents\docx\negative_edge\negative_edge_00303.docx,docx,negative_edge,3.0,2.0,0,1,blur,17.jpg
negative_normal_00304.pdf,data\documents\pdf\negative_normal\negative_normal_00304.pdf,pdf,negative_normal,2.0,2.0,0,0,gentle,18.jpg
negative_edge_00305.docx,data\documents\docx\negative_edge\negative_edge_00305.docx,docx,negative_edge,3.0,2.0,0,1,pixelated,18.jpg
negative_normal_00306.pdf,data\documents\pdf\negative_normal\negative_normal_00306.pdf,pdf,negative_normal,3.0,1.0,0,0,gentle,19.jpg
negative_edge_00307.pdf,data\documents\pdf\negative_edge\negative_edge_00307.pdf,pdf,negative_edge,4.0,3.0,0,1,noise,19.jpg
negative_normal_00308.pdf,data\documents\pdf\negative_normal\negative_normal_00308.pdf,pdf,negative_normal,2.0,1.0,0,0,gentle,2.jpg
negative_edge_00309.docx,data\documents\docx\negative_edge\negative_edge_00309.docx,docx,negative_edge,3.0,3.0,0,1,noise,2.jpg
negative_normal_00310.pdf,data\documents\pdf\negative_normal\negative_normal_00310.pdf,pdf,negative_normal,3.0,2.0,0,0,gentle,3.jpg
negative_edge_00311.pdf,data\documents\pdf\negative_edge\negative_edge_00311.pdf,pdf,negative_edge,2.0,2.0,0,1,shadow,3.jpg
negative_normal_00312.docx,data\documents\docx\negative_normal\negative_normal_00312.docx,docx,negative_normal,2.0,2.0,0,0,gentle,4.jpg
negative_edge_00313.docx,data\documents\docx\negative_edge\negative_edge_00313.docx,docx,negative_edge,4.0,2.0,0,1,noise,4.jpg
negative_normal_00314.docx,data\documents\docx\negative_normal\negative_normal_00314.docx,docx,negative_normal,3.0,2.0,0,0,gentle,5.jpg
negative_edge_00315.pdf,data\documents\pdf\negative_edge\negative_edge_00315.pdf,pdf,negative_edge,2.0,2.0,0,1,photocopy,5.jpg
negative_normal_00316.pdf,data\documents\pdf\negative_normal\negative_normal_00316.pdf,pdf,negative_normal,2.0,1.0,0,0,gentle,6.jpg
negative_edge_00317.pdf,data\documents\pdf\negative_edge\negative_edge_00317.pdf,pdf,negative_edge,2.0,2.0,0,1,photocopy,6.jpg
negative_normal_00318.pdf,data\documents\pdf\negative_normal\negative_normal_00318.pdf,pdf,negative_normal,3.0,3.0,0,0,gentle,8.jpg
negative_edge_00319.pdf,data\documents\pdf\negative_edge\negative_edge_00319.pdf,pdf,negative_edge,2.0,2.0,0,1,rotated,8.jpg
negative_normal_00320.docx,data\documents\docx\negative_normal\negative_normal_00320.docx,docx,negative_normal,3.0,2.0,0,0,gentle,9.jpg
negative_edge_00321.docx,data\documents\docx\negative_edge\negative_edge_00321.docx,docx,negative_edge,3.0,2.0,0,1,pixelated,9.jpg
